ts_utc,domain,scheme,requested_path,final_url,final_host,status,bytes,sha256,saved_to,content_type,gate_class,gate_reason,redirect_chain
2026-03-15T11:33:44+00:00,coloradopressassociation.com,https,/trust.txt,https://coloradopressassociation.com/trust.txt,coloradopressassociation.com,200,6050,12fd78fab145fa4930ea5351442aff15288cacc91e624b0cd42ed143acc7e0ac,/home/almightyj/trusttxt-project/crawler/output/US/found/coloradopressassociation.com/https_trust.txt.txt,text/plain;charset=UTF-8,VALID_TEXT,text-like content,
2026-03-15T11:33:49+00:00,digitalcontentnext.org,https,/trust.txt,https://digitalcontentnext.org/trust.txt,digitalcontentnext.org,200,2163,97c0a12151e00bbf3f14c268f27843d155fd823402e459c09aaebba720933151,/home/almightyj/trusttxt-project/crawler/output/US/found/digitalcontentnext.org/https_trust.txt.txt,text/plain;charset=UTF-8,VALID_TEXT,text-like content,
2026-03-15T11:34:16+00:00,flpress.com,https,/trust.txt,https://flpress.com/trust.txt,flpress.com,200,4904,ee714d22ecd69ba0cde2eaa4a8d6650e6d70017781225db2ebe1a4b3866fc80c,/home/almightyj/trusttxt-project/crawler/output/US/found/flpress.com/https_trust.txt.txt,text/plain;charset=UTF-8,VALID_TEXT,text-like content,
2026-03-15T11:39:10+00:00,www.ap.org,https,/trust.txt,https://www.ap.org/trust.txt,www.ap.org,200,1219,ad6e9657c4ef5da9afccb536e2b0d1978e9465e1d4e9da42b71a618dd3ca235c,/home/almightyj/trusttxt-project/crawler/output/US/found/www.ap.org/https_trust.txt.txt,text/plain,VALID_TEXT,text-like content,
2026-03-15T11:40:13+00:00,colabnews.co,https,/trust.txt,https://colabnews.co/trust.txt,colabnews.co,200,6650,c2eaa8bb3e05bce9a1ab7d8e1ee881e16a1728b049063e5585cf7345903d4fd4,/home/almightyj/trusttxt-project/crawler/output/US/found/colabnews.co/https_trust.txt.txt,text/plain;charset=UTF-8,VALID_TEXT,text-like content,
2026-03-15T11:40:16+00:00,coloradofoic.org,https,/trust.txt,https://coloradofoic.org/trust.txt,coloradofoic.org,200,1708,c6fc054ccc6ff3f158285ffe831c13a98e6e4b30806bbb98d0bbc0a016b26281,/home/almightyj/trusttxt-project/crawler/output/US/found/coloradofoic.org/https_trust.txt.txt,text/plain;charset=UTF-8,VALID_TEXT,text-like content,
2026-03-15T11:42:36+00:00,www.akronnewsreporter.com,https,/trust.txt,https://www.akronnewsreporter.com/trust.txt,www.akronnewsreporter.com,200,227,459f3639fe768bad0a2c42e277b999cd7cdf13effa494e9671b7cb2712fcbcae,/home/almightyj/trusttxt-project/crawler/output/US/found/www.akronnewsreporter.com/https_trust.txt.txt,text/plain;charset=utf-8,VALID_TEXT,text-like content,
2026-03-15T11:42:52+00:00,www.broomfieldenterprise.com,https,/trust.txt,https://www.broomfieldenterprise.com/trust.txt,www.broomfieldenterprise.com,200,233,0fb6a0446b0ad88cb7b7b220f44de32852adbcf8a3c1e79dab7e1351f583f1a3,/home/almightyj/trusttxt-project/crawler/output/US/found/www.broomfieldenterprise.com/https_trust.txt.txt,text/plain;charset=utf-8,VALID_TEXT,text-like content,
2026-03-15T11:42:56+00:00,www.burlington-record.com,https,/trust.txt,https://www.burlington-record.com/trust.txt,www.burlington-record.com,200,227,f225ae2c5c4c206e384d4005aca61ac854337211c69f0172d6fff34bc83f70ff,/home/almightyj/trusttxt-project/crawler/output/US/found/www.burlington-record.com/https_trust.txt.txt,text/plain;charset=utf-8,VALID_TEXT,text-like content,
2026-03-15T11:42:57+00:00,www.canoncitydailyrecord.com,https,/trust.txt,https://www.canoncitydailyrecord.com/trust.txt,www.canoncitydailyrecord.com,200,233,f90aac6c6b67e98eb700f83b9189c078cc895015ba2bc9b248308819987b46aa,/home/almightyj/trusttxt-project/crawler/output/US/found/www.canoncitydailyrecord.com/https_trust.txt.txt,text/plain;charset=utf-8,VALID_TEXT,text-like content,
2026-03-15T11:43:22+00:00,www.coloradodaily.com,https,/trust.txt,https://www.coloradodaily.com/trust.txt,www.coloradodaily.com,200,219,ab9d5d48ac11a749c464296e0a9454b9917472a5aed6b60c1d7f3d6272d830f0,/home/almightyj/trusttxt-project/crawler/output/US/found/www.coloradodaily.com/https_trust.txt.txt,text/plain;charset=utf-8,VALID_TEXT,text-like content,
2026-03-15T11:43:23+00:00,www.coloradohometownweekly.com,https,/trust.txt,https://www.coloradohometownweekly.com/trust.txt,www.coloradohometownweekly.com,200,237,bb184678ac0748a1319f5daca99a7dcf9f3259e5c7e6eda0b06d51c6447ca151,/home/almightyj/trusttxt-project/crawler/output/US/found/www.coloradohometownweekly.com/https_trust.txt.txt,text/plain;charset=utf-8,VALID_TEXT,text-like content,
2026-03-15T11:43:41+00:00,www.dailycamera.com,https,/trust.txt,https://www.dailycamera.com/trust.txt,www.dailycamera.com,200,215,c49a3aadf05f1102317e64b2b93b16525a0443967f01d207b8703cf989b9c0a3,/home/almightyj/trusttxt-project/crawler/output/US/found/www.dailycamera.com/https_trust.txt.txt,text/plain;charset=utf-8,VALID_TEXT,text-like content,
2026-03-15T11:43:44+00:00,www.denverpost.com,https,/trust.txt,https://www.denverpost.com/trust.txt,www.denverpost.com,200,213,3ad54fdc814a5b6fe28067fa8e4539e32cffc2f8a30cb66aec269b5eeb2750c5,/home/almightyj/trusttxt-project/crawler/output/US/found/www.denverpost.com/https_trust.txt.txt,text/plain;charset=utf-8,VALID_TEXT,text-like content,
2026-03-15T11:44:40+00:00,www.eptrail.com,https,/trust.txt,https://www.eptrail.com/trust.txt,www.eptrail.com,200,207,639281f21e3b0a2e3f1e0f9ef2ab85119a84ee05845728e9657985ff13313552,/home/almightyj/trusttxt-project/crawler/output/US/found/www.eptrail.com/https_trust.txt.txt,text/plain;charset=utf-8,VALID_TEXT,text-like content,
2026-03-15T11:44:43+00:00,www.fortmorgantimes.com,https,/trust.txt,https://www.fortmorgantimes.com/trust.txt,www.fortmorgantimes.com,200,223,5a6f60f0662f18735a9afc2ec8e55384c562c70e1a67ba68ae54f3873c39c934,/home/almightyj/trusttxt-project/crawler/output/US/found/www.fortmorgantimes.com/https_trust.txt.txt,text/plain;charset=utf-8,VALID_TEXT,text-like content,
2026-03-15T11:45:40+00:00,www.greeleytribune.com,https,/trust.txt,https://www.greeleytribune.com/trust.txt,www.greeleytribune.com,200,221,7c0e4b072b72a62f77a63255292b9203e5bb7ebe3d18b3d8390e65f92bf481f2,/home/almightyj/trusttxt-project/crawler/output/US/found/www.greeleytribune.com/https_trust.txt.txt,text/plain;charset=utf-8,VALID_TEXT,text-like content,
2026-03-15T11:45:41+00:00,www.greenhornvalleyview.com,https,/.well-known/trust.txt,https://www.greenhornvalleyview.com/.well-known/trust.txt,www.greenhornvalleyview.com,200,849,ae25926d6af3899ec4004fffcf57ef5e33b04d56a1d4fb1b9cc4f7d6c953b5bf,/home/almightyj/trusttxt-project/crawler/output/US/found/www.greenhornvalleyview.com/https_.well-known_trust.txt.txt,text/plain; charset=UTF-8,VALID_TEXT,text-like content,
2026-03-15T11:45:53+00:00,www.journal-advocate.com,https,/trust.txt,https://www.journal-advocate.com/trust.txt,www.journal-advocate.com,200,225,842f58c50d7b03e0a2885aec01c22a89c106301459d665acd881cd3562de41a0,/home/almightyj/trusttxt-project/crawler/output/US/found/www.journal-advocate.com/https_trust.txt.txt,text/plain;charset=utf-8,VALID_TEXT,text-like content,
2026-03-15T11:45:54+00:00,www.journallist.net,https,/.well-known/trust.txt,https://www.journallist.net/.well-known/trust.txt,www.journallist.net,200,98672,1ce0a8125a358eb4ebab8ef28ef28432fb21407f209ce5f54e4a38e5e6785f87,/home/almightyj/trusttxt-project/crawler/output/US/found/www.journallist.net/https_.well-known_trust.txt.txt,text/plain;charset=UTF-8,VALID_TEXT,text-like content,
2026-03-15T11:45:55+00:00,www.julesburgadvocate.com,https,/trust.txt,https://www.julesburgadvocate.com/trust.txt,www.julesburgadvocate.com,200,227,b77130882e3987546931138bab3b6614e2d607561f79fe7624c29282de9ca797,/home/almightyj/trusttxt-project/crawler/output/US/found/www.julesburgadvocate.com/https_trust.txt.txt,text/plain;charset=utf-8,VALID_TEXT,text-like content,
2026-03-15T11:46:42+00:00,www.lamarledger.com,https,/trust.txt,https://www.lamarledger.com/trust.txt,www.lamarledger.com,200,215,4deacb4fe442b1412dc19fb75f10ab8eccf481414157f34fbf7f363f721ba161,/home/almightyj/trusttxt-project/crawler/output/US/found/www.lamarledger.com/https_trust.txt.txt,text/plain;charset=utf-8,VALID_TEXT,text-like content,
2026-03-15T11:47:18+00:00,www.reporterherald.com,https,/trust.txt,https://www.reporterherald.com/trust.txt,www.reporterherald.com,200,221,332b2905635d1af3e43b7526c28d43b84e1c845a36e19f753dc479265602bb92,/home/almightyj/trusttxt-project/crawler/output/US/found/www.reporterherald.com/https_trust.txt.txt,text/plain;charset=utf-8,VALID_TEXT,text-like content,
2026-03-15T11:48:36+00:00,www.timescall.com,https,/trust.txt,https://www.timescall.com/trust.txt,www.timescall.com,200,211,b0592da4f5f768c86351cf5282333703cbb0f81b28682e6eab474c7cb61fb0c7,/home/almightyj/trusttxt-project/crawler/output/US/found/www.timescall.com/https_trust.txt.txt,text/plain;charset=utf-8,VALID_TEXT,text-like content,
2026-03-15T11:48:55+00:00,www.westword.com,https,/trust.txt,https://www.westword.com/trust.txt,www.westword.com,200,413,b50364d82a23e8691d4ee2fef8783db7f230a09e2e4fcb0bf4490974f69848a4,/home/almightyj/trusttxt-project/crawler/output/US/found/www.westword.com/https_trust.txt.txt,text/plain;charset=utf-8,VALID_TEXT,text-like content,
2026-03-15T11:49:16+00:00,ap.org,https,/trust.txt,https://www.ap.org/trust.txt,www.ap.org,200,1219,ad6e9657c4ef5da9afccb536e2b0d1978e9465e1d4e9da42b71a618dd3ca235c,/home/almightyj/trusttxt-project/crawler/output/US/found/ap.org/https_trust.txt.txt,text/plain,VALID_TEXT,text-like content,301:https://ap.org/trust.txt -> 200:https://www.ap.org/trust.txt
2026-03-15T11:53:45+00:00,journallist.net,https,/.well-known/trust.txt,https://journallist.net/.well-known/trust.txt,journallist.net,200,98672,1ce0a8125a358eb4ebab8ef28ef28432fb21407f209ce5f54e4a38e5e6785f87,/home/almightyj/trusttxt-project/crawler/output/US/found/journallist.net/https_.well-known_trust.txt.txt,text/plain;charset=UTF-8,VALID_TEXT,text-like content,
2026-03-15T11:53:59+00:00,www.aroundosceola.com,https,/.well-known/trust.txt,https://www.aroundosceola.com/.well-known/trust.txt,www.aroundosceola.com,200,836,7b4ea347e846a43b824a6e845cf871f451085333d3ca0d0c33b135b2b9c8b62d,/home/almightyj/trusttxt-project/crawler/output/US/found/www.aroundosceola.com/https_.well-known_trust.txt.txt,text/plain; charset=UTF-8,VALID_TEXT,text-like content,
2026-03-15T11:55:58+00:00,www.editorandpublisher.com,https,/trust.txt,https://www.editorandpublisher.com/trust.txt,www.editorandpublisher.com,200,928,644ef0bbc902b17ac3d3a2704e586f1a88e09000c291770d0abc598620f29441,/home/almightyj/trusttxt-project/crawler/output/US/found/www.editorandpublisher.com/https_trust.txt.txt,text/plain;charset=UTF-8,VALID_TEXT,text-like content,
2026-03-15T11:56:40+00:00,www.hernandosun.com,https,/trust.txt,https://www.hernandosun.com/trust.txt,www.hernandosun.com,200,520,1e57cb42394a137e300760459813b518861f4564d9a68ea23f4d64fa23496a16,/home/almightyj/trusttxt-project/crawler/output/US/found/www.hernandosun.com/https_trust.txt.txt,text/plain;charset=UTF-8,VALID_TEXT,text-like content,
2026-03-15T11:57:58+00:00,www.miaminewtimes.com,https,/trust.txt,https://www.miaminewtimes.com/trust.txt,www.miaminewtimes.com,200,423,3c1eb719dae531ae4a2f8b0b189a0dc03d07c8229c8330b2ce008e49d2e40c86,/home/almightyj/trusttxt-project/crawler/output/US/found/www.miaminewtimes.com/https_trust.txt.txt,text/plain;charset=utf-8,VALID_TEXT,text-like content,
2026-03-15T11:58:43+00:00,www.orlandosentinel.com,https,/trust.txt,https://www.orlandosentinel.com/trust.txt,www.orlandosentinel.com,200,223,65d6b4a7f37f05c802b18679b62ac71df531e1418944ab90ac511b2929a6c6e2,/home/almightyj/trusttxt-project/crawler/output/US/found/www.orlandosentinel.com/https_trust.txt.txt,text/plain;charset=utf-8,VALID_TEXT,text-like content,
2026-03-15T12:00:41+00:00,apnews.com,https,/trust.txt,https://apnews.com/trust.txt,apnews.com,200,94,5a5da481dccfff0287b72c3a0795c61847fd56ceea831495df781fbf1c24aab9,/home/almightyj/trusttxt-project/crawler/output/US/found/apnews.com/https_trust.txt.txt,text/plain;charset=UTF-8,VALID_TEXT,text-like content,
2026-03-15T12:00:45+00:00,blog.ap.org,https,/trust.txt,https://www.ap.org/trust.txt,www.ap.org,200,1219,ad6e9657c4ef5da9afccb536e2b0d1978e9465e1d4e9da42b71a618dd3ca235c,/home/almightyj/trusttxt-project/crawler/output/US/found/blog.ap.org/https_trust.txt.txt,text/plain,VALID_TEXT,text-like content,301:https://blog.ap.org/trust.txt -> 200:https://www.ap.org/trust.txt
2026-03-15T12:01:29+00:00,www.iptc.org,https,/trust.txt,https://www.iptc.org/trust.txt,www.iptc.org,200,2987,a82f1d24811ab473b2e0da692bdde179b21ac9bf08796969409157e03da8ba62,/home/almightyj/trusttxt-project/crawler/output/US/found/www.iptc.org/https_trust.txt.txt,text/plain,VALID_TEXT,text-like content,
2026-03-15T12:07:23+00:00,billtrack50.com,https,/trust.txt,https://www.billtrack50.com/trust.txt,www.billtrack50.com,200,345,c8109040b536e897c567b0c87005404ef788a8753079220c9068dfc3cfa8eb15,/home/almightyj/trusttxt-project/crawler/output/US/found/billtrack50.com/https_trust.txt.txt,text/plain,VALID_TEXT,text-like content,301:https://billtrack50.com/trust.txt -> 200:https://www.billtrack50.com/trust.txt
2026-03-15T12:08:01+00:00,akronnewsreporter.com,https,/trust.txt,https://akronnewsreporter.com/trust.txt,akronnewsreporter.com,200,227,459f3639fe768bad0a2c42e277b999cd7cdf13effa494e9671b7cb2712fcbcae,/home/almightyj/trusttxt-project/crawler/output/US/found/akronnewsreporter.com/https_trust.txt.txt,text/plain;charset=utf-8,VALID_TEXT,text-like content,
2026-03-15T12:08:03+00:00,broomfieldenterprise.com,https,/trust.txt,https://broomfieldenterprise.com/trust.txt,broomfieldenterprise.com,200,233,0fb6a0446b0ad88cb7b7b220f44de32852adbcf8a3c1e79dab7e1351f583f1a3,/home/almightyj/trusttxt-project/crawler/output/US/found/broomfieldenterprise.com/https_trust.txt.txt,text/plain;charset=utf-8,VALID_TEXT,text-like content,
2026-03-15T12:08:05+00:00,burlington-record.com,https,/trust.txt,https://burlington-record.com/trust.txt,burlington-record.com,200,227,f225ae2c5c4c206e384d4005aca61ac854337211c69f0172d6fff34bc83f70ff,/home/almightyj/trusttxt-project/crawler/output/US/found/burlington-record.com/https_trust.txt.txt,text/plain;charset=utf-8,VALID_TEXT,text-like content,
2026-03-15T12:08:07+00:00,canoncitydailyrecord.com,https,/trust.txt,https://canoncitydailyrecord.com/trust.txt,canoncitydailyrecord.com,200,233,f90aac6c6b67e98eb700f83b9189c078cc895015ba2bc9b248308819987b46aa,/home/almightyj/trusttxt-project/crawler/output/US/found/canoncitydailyrecord.com/https_trust.txt.txt,text/plain;charset=utf-8,VALID_TEXT,text-like content,
2026-03-15T12:08:09+00:00,coloradodaily.com,https,/trust.txt,https://coloradodaily.com/trust.txt,coloradodaily.com,200,219,ab9d5d48ac11a749c464296e0a9454b9917472a5aed6b60c1d7f3d6272d830f0,/home/almightyj/trusttxt-project/crawler/output/US/found/coloradodaily.com/https_trust.txt.txt,text/plain;charset=utf-8,VALID_TEXT,text-like content,
2026-03-15T12:08:10+00:00,coloradohometownweekly.com,https,/trust.txt,https://coloradohometownweekly.com/trust.txt,coloradohometownweekly.com,200,237,bb184678ac0748a1319f5daca99a7dcf9f3259e5c7e6eda0b06d51c6447ca151,/home/almightyj/trusttxt-project/crawler/output/US/found/coloradohometownweekly.com/https_trust.txt.txt,text/plain;charset=utf-8,VALID_TEXT,text-like content,
2026-03-15T12:08:12+00:00,dailycamera.com,https,/trust.txt,https://dailycamera.com/trust.txt,dailycamera.com,200,215,c49a3aadf05f1102317e64b2b93b16525a0443967f01d207b8703cf989b9c0a3,/home/almightyj/trusttxt-project/crawler/output/US/found/dailycamera.com/https_trust.txt.txt,text/plain;charset=utf-8,VALID_TEXT,text-like content,
2026-03-15T12:08:14+00:00,denverpost.com,https,/trust.txt,https://denverpost.com/trust.txt,denverpost.com,200,213,3ad54fdc814a5b6fe28067fa8e4539e32cffc2f8a30cb66aec269b5eeb2750c5,/home/almightyj/trusttxt-project/crawler/output/US/found/denverpost.com/https_trust.txt.txt,text/plain;charset=utf-8,VALID_TEXT,text-like content,
2026-03-15T12:08:15+00:00,eptrail.com,https,/trust.txt,https://eptrail.com/trust.txt,eptrail.com,200,207,639281f21e3b0a2e3f1e0f9ef2ab85119a84ee05845728e9657985ff13313552,/home/almightyj/trusttxt-project/crawler/output/US/found/eptrail.com/https_trust.txt.txt,text/plain;charset=utf-8,VALID_TEXT,text-like content,
2026-03-15T12:08:17+00:00,fortmorgantimes.com,https,/trust.txt,https://fortmorgantimes.com/trust.txt,fortmorgantimes.com,200,223,5a6f60f0662f18735a9afc2ec8e55384c562c70e1a67ba68ae54f3873c39c934,/home/almightyj/trusttxt-project/crawler/output/US/found/fortmorgantimes.com/https_trust.txt.txt,text/plain;charset=utf-8,VALID_TEXT,text-like content,
2026-03-15T12:08:19+00:00,greeleytribune.com,https,/trust.txt,https://greeleytribune.com/trust.txt,greeleytribune.com,200,221,7c0e4b072b72a62f77a63255292b9203e5bb7ebe3d18b3d8390e65f92bf481f2,/home/almightyj/trusttxt-project/crawler/output/US/found/greeleytribune.com/https_trust.txt.txt,text/plain;charset=utf-8,VALID_TEXT,text-like content,
2026-03-15T12:08:22+00:00,www.coloradopressassociation.com,https,/trust.txt,https://www.coloradopressassociation.com/trust.txt,www.coloradopressassociation.com,200,6050,12fd78fab145fa4930ea5351442aff15288cacc91e624b0cd42ed143acc7e0ac,/home/almightyj/trusttxt-project/crawler/output/US/found/www.coloradopressassociation.com/https_trust.txt.txt,text/plain;charset=UTF-8,VALID_TEXT,text-like content,
2026-03-15T12:08:29+00:00,journal-advocate.com,https,/trust.txt,https://journal-advocate.com/trust.txt,journal-advocate.com,200,225,842f58c50d7b03e0a2885aec01c22a89c106301459d665acd881cd3562de41a0,/home/almightyj/trusttxt-project/crawler/output/US/found/journal-advocate.com/https_trust.txt.txt,text/plain;charset=utf-8,VALID_TEXT,text-like content,
2026-03-15T12:09:44+00:00,cvindependent.com,https,/trust.txt,https://cvindependent.com/trust.txt,cvindependent.com,200,425,08b94ae62b5e1af2e0adc268d2502775d7f92183a4759c923f8d6a902914697d,/home/almightyj/trusttxt-project/crawler/output/US/found/cvindependent.com/https_trust.txt.txt,text/plain;charset=utf-8,VALID_TEXT,text-like content,
2026-03-15T12:11:59+00:00,iptc.org,https,/trust.txt,https://iptc.org/trust.txt,iptc.org,200,2987,a82f1d24811ab473b2e0da692bdde179b21ac9bf08796969409157e03da8ba62,/home/almightyj/trusttxt-project/crawler/output/US/found/iptc.org/https_trust.txt.txt,text/plain,VALID_TEXT,text-like content,
2026-03-15T12:18:59+00:00,triad-city-beat.com,https,/trust.txt,https://triad-city-beat.com/trust.txt,triad-city-beat.com,200,520,0708d8ddbae3350d4e9cd44fc2db421c20b37800bd26375bb350c5926f6534f2,/home/almightyj/trusttxt-project/crawler/output/US/found/triad-city-beat.com/https_trust.txt.txt,text/plain;charset=UTF-8,VALID_TEXT,text-like content,
2026-03-15T12:21:06+00:00,www.aan.org,https,/trust.txt,https://www.aan.org/trust.txt,www.aan.org,200,3525,badb0260517208a8aefa891261fe0d390ef7485590c1888a137894671d1f0c2b,/home/almightyj/trusttxt-project/crawler/output/US/found/www.aan.org/https_trust.txt.txt,text/plain;charset=UTF-8,VALID_TEXT,text-like content,
2026-03-15T12:23:36+00:00,www.allennewspaper.com,https,/.well-known/trust.txt,https://www.allennewspaper.com/.well-known/trust.txt,www.allennewspaper.com,200,807,f6209fb0e000b22604e8d9128a1b0b2c6b6800962dbe114fb9d71a0b4fd20ca1,/home/almightyj/trusttxt-project/crawler/output/US/found/www.allennewspaper.com/https_.well-known_trust.txt.txt,text/plain; charset=UTF-8,VALID_TEXT,text-like content,
2026-03-15T12:24:22+00:00,www.ameliamonitor.com,https,/trust.txt,https://www.ameliamonitor.com/trust.txt,www.ameliamonitor.com,200,826,724d0bdfaed39e603a7484dcfc014da76aae195d726f2be23e4b35b38d0bd977,/home/almightyj/trusttxt-project/crawler/output/US/found/www.ameliamonitor.com/https_trust.txt.txt,text/plain;charset=UTF-8,VALID_TEXT,text-like content,
2026-03-15T12:24:41+00:00,www.andrewscountynews.com,https,/.well-known/trust.txt,https://www.andrewscountynews.com/.well-known/trust.txt,www.andrewscountynews.com,200,614,261ae136715c1d9a7aa15f3d64eadca4942070f5c3a3290b3520d9eea4a30590,/home/almightyj/trusttxt-project/crawler/output/US/found/www.andrewscountynews.com/https_.well-known_trust.txt.txt,text/plain;charset=UTF-8,VALID_TEXT,text-like content,
2026-03-15T12:26:57+00:00,www.auditedmedia.com,https,/trust.txt,https://auditedmedia.com/hubfs/trust.txt,auditedmedia.com,200,26289,b130da79460ba661d33e12cec46c70d4c8a5f98256d175657ea6044651c20388,/home/almightyj/trusttxt-project/crawler/output/US/found/www.auditedmedia.com/https_trust.txt.txt,text/plain,VALID_TEXT,text-like content,301:https://www.auditedmedia.com/trust.txt -> 301:https://auditedmedia.com/trust.txt -> 200:https://auditedmedia.com/hubfs/trust.txt
2026-03-15T12:27:03+00:00,www.austinchronicle.com,https,/.well-known/trust.txt,https://www.austinchronicle.com/.well-known/trust.txt,www.austinchronicle.com,200,1222,5b63d239065ee714957971e88a56b77d6cd00eb42d3dbc11ad8414f8d137ed66,/home/almightyj/trusttxt-project/crawler/output/US/found/www.austinchronicle.com/https_.well-known_trust.txt.txt,text/plain;charset=utf-8,VALID_TEXT,text-like content,
2026-03-15T12:27:56+00:00,www.baltimoresun.com,https,/trust.txt,https://www.baltimoresun.com/trust.txt,www.baltimoresun.com,200,217,823806d5087bc6aacebe04ef069a54e28ecb92560a5bce527e7b66a09424bf8f,/home/almightyj/trusttxt-project/crawler/output/US/found/www.baltimoresun.com/https_trust.txt.txt,text/plain;charset=utf-8,VALID_TEXT,text-like content,
2026-03-15T12:29:42+00:00,www.bctribune.com,https,/.well-known/trust.txt,https://www.bctribune.com/.well-known/trust.txt,www.bctribune.com,200,1091,5b2db27f9fb835599fdb24828f7ad27f18f9b4616e628817c700a1cbb41642be,/home/almightyj/trusttxt-project/crawler/output/US/found/www.bctribune.com/https_.well-known_trust.txt.txt,text/plain; charset=UTF-8,VALID_TEXT,text-like content,
2026-03-15T12:31:20+00:00,www.bendsource.com,https,/.well-known/trust.txt,https://www.bendsource.com/.well-known/trust.txt,www.bendsource.com,200,512,f0259511b0f30087d061228b924732c8b5b2df2d63ff40f5ad905c1cb1329208,/home/almightyj/trusttxt-project/crawler/output/US/found/www.bendsource.com/https_.well-known_trust.txt.txt,text/plain;charset=utf-8,VALID_TEXT,text-like content,
2026-03-15T12:31:58+00:00,www.billtrack50.com,https,/trust.txt,https://www.billtrack50.com/trust.txt,www.billtrack50.com,200,345,c8109040b536e897c567b0c87005404ef788a8753079220c9068dfc3cfa8eb15,/home/almightyj/trusttxt-project/crawler/output/US/found/www.billtrack50.com/https_trust.txt.txt,text/plain,VALID_TEXT,text-like content,
2026-03-15T12:33:55+00:00,www.bostonherald.com,https,/trust.txt,https://www.bostonherald.com/trust.txt,www.bostonherald.com,200,217,a22ea9c80c843b21850e95ef37ffa503fb17956699cdcf38e4f5864788aff7b4,/home/almightyj/trusttxt-project/crawler/output/US/found/www.bostonherald.com/https_trust.txt.txt,text/plain;charset=utf-8,VALID_TEXT,text-like content,
2026-03-15T12:34:39+00:00,www.bristownews.com,https,/.well-known/trust.txt,https://www.bristownews.com/.well-known/trust.txt,www.bristownews.com,200,837,99bba756092a6d40384de1ba520c61d6226aa6db679c84924b52e30f431f06f1,/home/almightyj/trusttxt-project/crawler/output/US/found/www.bristownews.com/https_.well-known_trust.txt.txt,text/plain; charset=UTF-8,VALID_TEXT,text-like content,
2026-03-15T12:34:51+00:00,www.brownwolfconsulting.com,https,/.well-known/trust.txt,https://www.brownwolfconsulting.com/_functions/Trusttxt,www.brownwolfconsulting.com,200,775,62bc19e7398a8f99f3eacdc1bc7e4bc078e8d4a4a5916df16d28707427f75d33,/home/almightyj/trusttxt-project/crawler/output/US/found/www.brownwolfconsulting.com/https_.well-known_trust.txt.txt,text/plain; charset=utf-8,VALID_TEXT,text-like content,301:https://www.brownwolfconsulting.com/.well-known/trust.txt -> 200:https://www.brownwolfconsulting.com/_functions/Trusttxt
2026-03-15T12:36:33+00:00,www.cadetnewspaper.com,https,/.well-known/trust.txt,https://cadetnewspaper.com/.well-known/trust.txt,cadetnewspaper.com,200,776,a4e28a106d874ff3892181df1ca2764c2bbc7b72228164f2670a028bb623a269,/home/almightyj/trusttxt-project/crawler/output/US/found/www.cadetnewspaper.com/https_.well-known_trust.txt.txt,text/plain,VALID_TEXT,text-like content,301:https://www.cadetnewspaper.com/.well-known/trust.txt -> 200:https://cadetnewspaper.com/.well-known/trust.txt
2026-03-15T12:36:42+00:00,www.cameronherald.com,https,/.well-known/trust.txt,https://www.cameronherald.com/.well-known/trust.txt,www.cameronherald.com,200,882,f1a26a2bc156e5b2c88fb0efd8587606f851c94ed98d1eba6307c7a9329ea86c,/home/almightyj/trusttxt-project/crawler/output/US/found/www.cameronherald.com/https_.well-known_trust.txt.txt,text/plain;charset=UTF-8,VALID_TEXT,text-like content,
2026-03-15T12:36:43+00:00,www.campcountynow.com,https,/.well-known/trust.txt,https://www.campcountynow.com/.well-known/trust.txt,www.campcountynow.com,200,434,60b45378f499149aed9c5390a71c0c08ee18701205bfa816b9fe845be151eb94,/home/almightyj/trusttxt-project/crawler/output/US/found/www.campcountynow.com/https_.well-known_trust.txt.txt,text/plain;charset=UTF-8,VALID_TEXT,text-like content,
2026-03-15T12:37:25+00:00,www.canadianrecord.com,https,/.well-known/trust.txt,https://www.canadianrecord.com/.well-known/trust.txt,www.canadianrecord.com,200,997,e7d983126025911c10853cd9066b04bd7a075f5fe6b191cf32cc1fb63d186c69,/home/almightyj/trusttxt-project/crawler/output/US/found/www.canadianrecord.com/https_.well-known_trust.txt.txt,text/plain; charset=UTF-8,VALID_TEXT,text-like content,
2026-03-15T12:38:46+00:00,www.capitalgazette.com,https,/trust.txt,https://www.capitalgazette.com/trust.txt,www.capitalgazette.com,200,221,a5df5c5c283e14011b2a0552142cf169afb7762cdb24e728d475f1110dedd851,/home/almightyj/trusttxt-project/crawler/output/US/found/www.capitalgazette.com/https_trust.txt.txt,text/plain;charset=utf-8,VALID_TEXT,text-like content,
2026-03-15T12:39:11+00:00,www.casscountynow.com,https,/.well-known/trust.txt,https://www.casscountynow.com/.well-known/trust.txt,www.casscountynow.com,200,1002,0527937538a163bd416e88d5b70a5f459fe784943f4b00234a0b9042b0443e6e,/home/almightyj/trusttxt-project/crawler/output/US/found/www.casscountynow.com/https_.well-known_trust.txt.txt,text/plain;charset=UTF-8,VALID_TEXT,text-like content,
2026-03-15T12:41:37+00:00,www.chicagotribune.com,https,/trust.txt,https://www.chicagotribune.com/trust.txt,www.chicagotribune.com,200,221,fea3d28ca89adcf50904d2246d89f25e8a73515ba4e47addec0e39c2d6eca7c7,/home/almightyj/trusttxt-project/crawler/output/US/found/www.chicagotribune.com/https_trust.txt.txt,text/plain;charset=utf-8,VALID_TEXT,text-like content,
2026-03-15T12:42:01+00:00,www.chronogram.com,https,/.well-known/trust.txt,https://www.chronogram.com/.well-known/trust.txt,www.chronogram.com,200,409,792b7f4a4f26452f9530d9aa15e23321b6ec3204d9441f3e98176b0217392c84,/home/almightyj/trusttxt-project/crawler/output/US/found/www.chronogram.com/https_.well-known_trust.txt.txt,text/plain;charset=utf-8,VALID_TEXT,text-like content,
2026-03-15T12:42:10+00:00,www.citizensvoice.com,https,/trust.txt,https://www.citizensvoice.com/trust.txt,www.citizensvoice.com,200,219,61d227deaefa0bc0f204e813996553c4855410ff1d68fe5dbb4efab784ebf3f0,/home/almightyj/trusttxt-project/crawler/output/US/found/www.citizensvoice.com/https_trust.txt.txt,text/plain;charset=utf-8,VALID_TEXT,text-like content,
2026-03-15T12:42:13+00:00,www.citybeat.com,https,/.well-known/trust.txt,https://www.citybeat.com/.well-known/trust.txt,www.citybeat.com,200,438,8139a9fdc5db7ca4fff30b6cc0d3392f885dd23f28ceecd49c614443e0d5f7a6,/home/almightyj/trusttxt-project/crawler/output/US/found/www.citybeat.com/https_.well-known_trust.txt.txt,text/plain;charset=utf-8,VALID_TEXT,text-like content,
2026-03-15T12:42:31+00:00,www.clevescene.com,https,/.well-known/trust.txt,https://www.clevescene.com/.well-known/trust.txt,www.clevescene.com,200,429,08c90bbeece2081f646f130c3cc8b1fb6b020bb0bdcc8b5696db715fb4a6c063,/home/almightyj/trusttxt-project/crawler/output/US/found/www.clevescene.com/https_.well-known_trust.txt.txt,text/plain;charset=utf-8,VALID_TEXT,text-like content,
2026-03-15T12:42:43+00:00,www.clintondailynews.com,https,/.well-known/trust.txt,https://www.clintondailynews.com/.well-known/trust.txt,www.clintondailynews.com,200,905,779944e8db666c080cf6722651a3ca8cb63d93307296a36b321ed5ace54c8944,/home/almightyj/trusttxt-project/crawler/output/US/found/www.clintondailynews.com/https_.well-known_trust.txt.txt,text/plain;charset=UTF-8,VALID_TEXT,text-like content,
2026-03-15T12:42:48+00:00,www.cltampa.com,https,/.well-known/trust.txt,https://www.cltampa.com/.well-known/trust.txt,www.cltampa.com,200,426,9d4644b39ae4f826dbd3c5c826f2c004afe9f532c53e5b1fb8885223504cb29b,/home/almightyj/trusttxt-project/crawler/output/US/found/www.cltampa.com/https_.well-known_trust.txt.txt,text/plain;charset=utf-8,VALID_TEXT,text-like content,
2026-03-15T12:43:11+00:00,www.colabnews.co,https,/trust.txt,https://www.colabnews.co/trust.txt,www.colabnews.co,200,6650,c2eaa8bb3e05bce9a1ab7d8e1ee881e16a1728b049063e5585cf7345903d4fd4,/home/almightyj/trusttxt-project/crawler/output/US/found/www.colabnews.co/https_trust.txt.txt,text/plain;charset=UTF-8,VALID_TEXT,text-like content,
2026-03-15T12:43:20+00:00,www.coloradofoic.org,https,/trust.txt,https://www.coloradofoic.org/trust.txt,www.coloradofoic.org,200,1708,c6fc054ccc6ff3f158285ffe831c13a98e6e4b30806bbb98d0bbc0a016b26281,/home/almightyj/trusttxt-project/crawler/output/US/found/www.coloradofoic.org/https_trust.txt.txt,text/plain;charset=UTF-8,VALID_TEXT,text-like content,
2026-03-15T12:45:26+00:00,www.cordellbeacon.com,https,/.well-known/trust.txt,https://www.cordellbeacon.com/.well-known/trust.txt,www.cordellbeacon.com,200,1042,564bfe6af3c70c55c3f9699ee974f28113645a725a04a12aaebd517d830eb652,/home/almightyj/trusttxt-project/crawler/output/US/found/www.cordellbeacon.com/https_.well-known_trust.txt.txt,text/plain; charset=UTF-8,VALID_TEXT,text-like content,
2026-03-15T12:45:48+00:00,www.courant.com,https,/trust.txt,https://www.courant.com/trust.txt,www.courant.com,200,207,3f6cea7b6c764b7468d0abd5a44032220b86369199a34295de2a4e5a92428bbc,/home/almightyj/trusttxt-project/crawler/output/US/found/www.courant.com/https_trust.txt.txt,text/plain;charset=utf-8,VALID_TEXT,text-like content,
2026-03-15T12:45:54+00:00,www.courier-record.com,https,/trust.txt,https://www.courier-record.com/trust.txt,www.courier-record.com,200,835,ab9e8afc0b694f1b08a1f7cd857739ed931c2dc199e768e42c043650d4d2ba8e,/home/almightyj/trusttxt-project/crawler/output/US/found/www.courier-record.com/https_trust.txt.txt,text/plain;charset=UTF-8,VALID_TEXT,text-like content,
2026-03-15T12:46:35+00:00,www.dailycaller.com,https,/trust.txt,https://dailycaller.com/trust.txt,dailycaller.com,200,355,9a8c2bc824ef608a015aa324fd94933e3a1b39690c79726c45ddcc64ee87bcc1,/home/almightyj/trusttxt-project/crawler/output/US/found/www.dailycaller.com/https_trust.txt.txt,text/plain; charset=utf-8,VALID_TEXT,text-like content,301:https://www.dailycaller.com/trust.txt -> 301:http://dailycaller.com/trust.txt -> 200:https://dailycaller.com/trust.txt
2026-03-15T12:47:46+00:00,www.dailyfreeman.com,https,/trust.txt,https://www.dailyfreeman.com/trust.txt,www.dailyfreeman.com,200,217,d7e29090661ab97fd4fa0ce1c1ddd1f94b15cb417966ed8ed395e15ca67b5d61,/home/almightyj/trusttxt-project/crawler/output/US/found/www.dailyfreeman.com/https_trust.txt.txt,text/plain;charset=utf-8,VALID_TEXT,text-like content,
2026-03-15T12:47:50+00:00,www.dailylocal.com,https,/trust.txt,https://www.dailylocal.com/trust.txt,www.dailylocal.com,200,213,435db12a8ebe38485d1d7e05e4a6f8998bf5467d0ef896906deb3b2ced0530b0,/home/almightyj/trusttxt-project/crawler/output/US/found/www.dailylocal.com/https_trust.txt.txt,text/plain;charset=utf-8,VALID_TEXT,text-like content,
2026-03-15T12:47:51+00:00,www.dailypress.com,https,/trust.txt,https://www.dailypress.com/trust.txt,www.dailypress.com,200,213,fc0f6113770685e2823e6617670672419a5ab8173474e1679baaf10b036e2a55,/home/almightyj/trusttxt-project/crawler/output/US/found/www.dailypress.com/https_trust.txt.txt,text/plain;charset=utf-8,VALID_TEXT,text-like content,
2026-03-15T12:48:17+00:00,www.dallasobserver.com,https,/trust.txt,https://www.dallasobserver.com/trust.txt,www.dallasobserver.com,200,428,f56c02530c91b5947d051036e57788c5684d9faf44d050cb2e702b57ca6d81e1,/home/almightyj/trusttxt-project/crawler/output/US/found/www.dallasobserver.com/https_trust.txt.txt,text/plain;charset=utf-8,VALID_TEXT,text-like content,
2026-03-15T12:48:59+00:00,www.delcotimes.com,https,/trust.txt,https://www.delcotimes.com/trust.txt,www.delcotimes.com,200,213,6086b34cb3fa842bc373b6b3c7acb25d6e05bf2bb30e09a7ec412382ca416e62,/home/almightyj/trusttxt-project/crawler/output/US/found/www.delcotimes.com/https_trust.txt.txt,text/plain;charset=utf-8,VALID_TEXT,text-like content,
2026-03-15T12:50:36+00:00,www.digitalcontentnext.org,https,/trust.txt,https://www.digitalcontentnext.org/trust.txt,www.digitalcontentnext.org,200,2163,97c0a12151e00bbf3f14c268f27843d155fd823402e459c09aaebba720933151,/home/almightyj/trusttxt-project/crawler/output/US/found/www.digitalcontentnext.org/https_trust.txt.txt,text/plain;charset=UTF-8,VALID_TEXT,text-like content,
2026-03-15T12:52:17+00:00,www.edenecho.net,https,/.well-known/trust.txt,https://www.edenecho.net/.well-known/trust.txt,www.edenecho.net,200,425,a643afe1cc8483faf8d40db0aa59bfbfe3737c912888054df5457688d56e8cc8,/home/almightyj/trusttxt-project/crawler/output/US/found/www.edenecho.net/https_.well-known_trust.txt.txt,text/plain; charset=UTF-8,VALID_TEXT,text-like content,
2026-03-15T12:54:51+00:00,www.ennisdailynews.com,https,/.well-known/trust.txt,https://www.ennisdailynews.com/.well-known/trust.txt,www.ennisdailynews.com,200,575,9994d64a8e5a9946f121d1fc332926b41986da5d34fa945106c22a3dbc0a2a50,/home/almightyj/trusttxt-project/crawler/output/US/found/www.ennisdailynews.com/https_.well-known_trust.txt.txt,text/plain;charset=UTF-8,VALID_TEXT,text-like content,
2026-03-15T12:56:01+00:00,www.excelsiorspringsstandard.com,https,/.well-known/trust.txt,https://www.excelsiorspringsstandard.com/.well-known/trust.txt,www.excelsiorspringsstandard.com,200,702,714db6723d26043ba8f27d1f209105cfe175811881009e8bec67ecbf50ca7525,/home/almightyj/trusttxt-project/crawler/output/US/found/www.excelsiorspringsstandard.com/https_.well-known_trust.txt.txt,text/plain; charset=UTF-8,VALID_TEXT,text-like content,
2026-03-15T12:57:36+00:00,www.fayettecountyrecord.com,https,/.well-known/trust.txt,https://www.fayettecountyrecord.com/.well-known/trust.txt,www.fayettecountyrecord.com,200,1093,42a8975b93befd6eccc2307698eafa1a1e57530635be71bd625a80dd587f08a9,/home/almightyj/trusttxt-project/crawler/output/US/found/www.fayettecountyrecord.com/https_.well-known_trust.txt.txt,text/plain; charset=UTF-8,VALID_TEXT,text-like content,
2026-03-15T12:58:39+00:00,www.flpress.com,https,/trust.txt,https://www.flpress.com/trust.txt,www.flpress.com,200,4904,ee714d22ecd69ba0cde2eaa4a8d6650e6d70017781225db2ebe1a4b3866fc80c,/home/almightyj/trusttxt-project/crawler/output/US/found/www.flpress.com/https_trust.txt.txt,text/plain;charset=UTF-8,VALID_TEXT,text-like content,
2026-03-15T13:01:59+00:00,www.gfmd.info,https,/trust.txt,https://gfmd.info/trust.txt,gfmd.info,200,6417,4c36da27534d72ca80b3cea08095a59dfc2239da1ef081254a9d198623466cca,/home/almightyj/trusttxt-project/crawler/output/US/found/www.gfmd.info/https_trust.txt.txt,text/plain;charset=UTF-8,VALID_TEXT,text-like content,302:https://www.gfmd.info/trust.txt -> 301:http://gfmd.info/trust.txt -> 200:https://gfmd.info/trust.txt
2026-03-15T13:02:15+00:00,www.giddingstimes.com,https,/.well-known/trust.txt,https://www.giddingstimes.com/.well-known/trust.txt,www.giddingstimes.com,200,791,1acdaac366374ec3f4e68f1f83e6cee9c1846c052f808f555ce2caaf806d5d2b,/home/almightyj/trusttxt-project/crawler/output/US/found/www.giddingstimes.com/https_.well-known_trust.txt.txt,text/plain; charset=UTF-8,VALID_TEXT,text-like content,
2026-03-15T13:02:18+00:00,www.gilmermirror.com,https,/.well-known/trust.txt,https://www.gilmermirror.com/.well-known/trust.txt,www.gilmermirror.com,200,850,61518911851141bd6d8a8b149af4830cefc033a4822aa83121fab004dd8a8fda,/home/almightyj/trusttxt-project/crawler/output/US/found/www.gilmermirror.com/https_.well-known_trust.txt.txt,text/plain,VALID_TEXT,text-like content,
2026-03-15T13:03:15+00:00,www.goldthwaiteeagle.com,https,/.well-known/trust.txt,https://www.goldthwaiteeagle.com/.well-known/trust.txt,www.goldthwaiteeagle.com,200,911,2ab1f9e81600cbc94c78547a96dc4bfc34708e1243f6aeb6655eded421cb6907,/home/almightyj/trusttxt-project/crawler/output/US/found/www.goldthwaiteeagle.com/https_.well-known_trust.txt.txt,text/plain,VALID_TEXT,text-like content,
2026-03-15T13:04:33+00:00,www.guthrienewsleader.net,https,/.well-known/trust.txt,https://www.guthrienewsleader.net/.well-known/trust.txt,www.guthrienewsleader.net,200,953,289470151e942ea8b2b531b530531bf54d682a8530fcc318042e615d027b3369,/home/almightyj/trusttxt-project/crawler/output/US/found/www.guthrienewsleader.net/https_.well-known_trust.txt.txt,text/plain; charset=UTF-8,VALID_TEXT,text-like content,
2026-03-15T13:06:49+00:00,www.hemmings.com,https,/.well-known/trust.txt,https://www.hemmings.com/.well-known/trust.txt,www.hemmings.com,200,1228,138bcfc97d49bedae94a47fa371b7523fd9d51c17212978bc452d36b08370720,/home/almightyj/trusttxt-project/crawler/output/US/found/www.hemmings.com/https_.well-known_trust.txt.txt,text/plain; charset=UTF-8,VALID_TEXT,text-like content,
2026-03-15T13:09:47+00:00,www.highlandscurrent.org,https,/.well-known/trust.txt,https://www.highlandscurrent.org/.well-known/trust.txt,www.highlandscurrent.org,200,734,0e16b37fa0e6e613b0d0f60f9cfeb9d7b254502f6b8badb72414d2268c4d97d5,/home/almightyj/trusttxt-project/crawler/output/US/found/www.highlandscurrent.org/https_.well-known_trust.txt.txt,text/plain;charset=UTF-8,VALID_TEXT,text-like content,
2026-03-15T13:10:44+00:00,www.houstonpress.com,https,/.well-known/trust.txt,https://www.houstonpress.com/.well-known/trust.txt,www.houstonpress.com,200,410,849ffd512df0d839e9f1269778fd91b6d8a25789ceef44a4fd37c60a9b01f5cc,/home/almightyj/trusttxt-project/crawler/output/US/found/www.houstonpress.com/https_.well-known_trust.txt.txt,text/plain;charset=utf-8,VALID_TEXT,text-like content,
2026-03-15T13:12:23+00:00,www.illinoistimes.com,https,/.well-known/trust.txt,https://www.illinoistimes.com/.well-known/trust.txt,www.illinoistimes.com,200,428,99dcf1d3d10b36e621df40184c53ef2abc74b44fb116bb638641d0131033edfa,/home/almightyj/trusttxt-project/crawler/output/US/found/www.illinoistimes.com/https_.well-known_trust.txt.txt,text/plain;charset=utf-8,VALID_TEXT,text-like content,
2026-03-15T13:12:39+00:00,www.impressorg.com,https,/.well-known/trust.txt,https://www.impressorg.com/.well-known/trust.txt,www.impressorg.com,200,8267,d99e5c13c7aa418ff01f7dbccfb5c73b45f48344ea9cc79e011cb23bb54ce8bd,/home/almightyj/trusttxt-project/crawler/output/US/found/www.impressorg.com/https_.well-known_trust.txt.txt,text/plain,VALID_TEXT,text-like content,
2026-03-15T13:12:49+00:00,www.independent.com,https,/trust.txt,https://www.independent.com/trust.txt,www.independent.com,200,495,db24d82aa4e985ff76b2210a10e11793ba83f6ecd970b7866ea0aaaf496aabda,/home/almightyj/trusttxt-project/crawler/output/US/found/www.independent.com/https_trust.txt.txt,text/plain;charset=utf-8,VALID_TEXT,text-like content,
2026-03-15T13:14:57+00:00,www.jacksonfreepress.com,https,/trust.txt,https://www.jacksonfreepress.com/trust.txt,www.jacksonfreepress.com,200,491,781356a1280a93a654277764efc302bd7ddb670533d59aff51a350331ce984f5,/home/almightyj/trusttxt-project/crawler/output/US/found/www.jacksonfreepress.com/https_trust.txt.txt,text/plain,VALID_TEXT,text-like content,
2026-03-15T13:20:54+00:00,www.lampasasdispatchrecord.com,https,/.well-known/trust.txt,https://www.lampasasdispatchrecord.com/.well-known/trust.txt,www.lampasasdispatchrecord.com,200,897,eeeaa358e638e85a6bbebddaeedbb2e8d775b9ebd93e2b5f3b59823977486b55,/home/almightyj/trusttxt-project/crawler/output/US/found/www.lampasasdispatchrecord.com/https_.well-known_trust.txt.txt,text/plain; charset=UTF-8,VALID_TEXT,text-like content,
2026-03-15T13:21:21+00:00,www.lavacacountytoday.com,https,/.well-known/trust.txt,https://www.lavacacountytoday.com/.well-known/trust.txt,www.lavacacountytoday.com,200,819,175d987eaf1659b0cc0dc6d74b57af4d4ba53b3869a3af86cdd56ce4449da42b,/home/almightyj/trusttxt-project/crawler/output/US/found/www.lavacacountytoday.com/https_.well-known_trust.txt.txt,text/plain; charset=UTF-8,VALID_TEXT,text-like content,
2026-03-15T13:21:25+00:00,www.lavernianews.com,https,/trust.txt,https://www.lavernianews.com/trust.txt,www.lavernianews.com,200,1094,4ec40f0246abf4e169d9cef88336d13b132cd8be349043d59ed157c3454a4239,/home/almightyj/trusttxt-project/crawler/output/US/found/www.lavernianews.com/https_trust.txt.txt,text/plain;charset=UTF-8,VALID_TEXT,text-like content,
2026-03-15T13:22:55+00:00,www.leoweekly.com,https,/.well-known/trust.txt,https://www.leoweekly.com/.well-known/trust.txt,www.leoweekly.com,200,416,c4f7a4919db047ee936b0721f646cd2002018eada7b3cb6705bb225567bf3746,/home/almightyj/trusttxt-project/crawler/output/US/found/www.leoweekly.com/https_.well-known_trust.txt.txt,text/plain;charset=utf-8,VALID_TEXT,text-like content,
2026-03-15T13:23:21+00:00,www.lexingtonleader.com,https,/.well-known/trust.txt,https://www.lexingtonleader.com/.well-known/trust.txt,www.lexingtonleader.com,200,876,d82ea0ae9d851dba5edde49b6308d1e120c836af0a7e0ae58156ca41004c3183,/home/almightyj/trusttxt-project/crawler/output/US/found/www.lexingtonleader.com/https_.well-known_trust.txt.txt,text/plain;charset=UTF-8,VALID_TEXT,text-like content,
2026-03-15T13:23:47+00:00,www.locktheclock.net,https,/.well-known/trust.txt,https://www.locktheclock.net/.well-known/trust.txt,www.locktheclock.net,200,811,592d03a9118cf83a6e7fc424952de90be33f82e03d3c57cd3eacdeb7659f4dfe,/home/almightyj/trusttxt-project/crawler/output/US/found/www.locktheclock.net/https_.well-known_trust.txt.txt,text/plain;charset=UTF-8,VALID_TEXT,text-like content,
2026-03-15T13:24:04+00:00,www.lowellsun.com,https,/trust.txt,https://www.lowellsun.com/trust.txt,www.lowellsun.com,200,211,1064303d6899807422687fba7e4d41c1ad50726eedf38998cb408f241916bc1f,/home/almightyj/trusttxt-project/crawler/output/US/found/www.lowellsun.com/https_trust.txt.txt,text/plain;charset=utf-8,VALID_TEXT,text-like content,
2026-03-15T13:24:10+00:00,www.lulingnewsboy.com,https,/.well-known/trust.txt,https://www.lulingnewsboy.com/.well-known/trust.txt,www.lulingnewsboy.com,200,562,880f9d94735051723944ccdacb09645b83a9c05de64b01e1ae56846744dba356,/home/almightyj/trusttxt-project/crawler/output/US/found/www.lulingnewsboy.com/https_.well-known_trust.txt.txt,text/plain; charset=UTF-8,VALID_TEXT,text-like content,
2026-03-15T13:24:22+00:00,www.macombdaily.com,https,/trust.txt,https://www.macombdaily.com/trust.txt,www.macombdaily.com,200,215,3e5bcf8098508a31031bbeee2812cd2b8e83818e982a9432482421fe366d2036,/home/almightyj/trusttxt-project/crawler/output/US/found/www.macombdaily.com/https_trust.txt.txt,text/plain;charset=utf-8,VALID_TEXT,text-like content,
2026-03-15T13:29:07+00:00,www.mercurynews.com,https,/trust.txt,https://www.mercurynews.com/trust.txt,www.mercurynews.com,200,215,e3400841bf03126d228e8bd5a68095ba7f22f0bf9e24964b7dcba9690fe72303,/home/almightyj/trusttxt-project/crawler/output/US/found/www.mercurynews.com/https_trust.txt.txt,text/plain;charset=utf-8,VALID_TEXT,text-like content,
2026-03-15T13:29:48+00:00,www.metrotimes.com,https,/.well-known/trust.txt,https://www.metrotimes.com/.well-known/trust.txt,www.metrotimes.com,200,427,40683799b0a6fdecb029bf62dee9d4fe24ba939a2a29c41194c58b75f0eb189d,/home/almightyj/trusttxt-project/crawler/output/US/found/www.metrotimes.com/https_.well-known_trust.txt.txt,text/plain;charset=utf-8,VALID_TEXT,text-like content,
2026-03-15T13:33:30+00:00,www.morningjournal.com,https,/trust.txt,https://www.morningjournal.com/trust.txt,www.morningjournal.com,200,221,1043c587d85323c2e092eef59a34ddae4f4e1f9f9d38c2a8e394d48b80244f63,/home/almightyj/trusttxt-project/crawler/output/US/found/www.morningjournal.com/https_trust.txt.txt,text/plain;charset=utf-8,VALID_TEXT,text-like content,
2026-03-15T13:35:28+00:00,www.myreporternews.com,https,/.well-known/trust.txt,https://www.myreporternews.com/.well-known/trust.txt,www.myreporternews.com,200,964,5702a4de9e6c57d6b1145fbf60c8810e2173e8af9d781c459f0f3917938b6b6a,/home/almightyj/trusttxt-project/crawler/output/US/found/www.myreporternews.com/https_.well-known_trust.txt.txt,text/plain,VALID_TEXT,text-like content,
2026-03-15T13:37:30+00:00,www.news-herald.com,https,/trust.txt,https://www.news-herald.com/trust.txt,www.news-herald.com,200,215,c7253894fcb5fd65e59ad931c7e191d2d9214163580e6a78a1c99732d35d003a,/home/almightyj/trusttxt-project/crawler/output/US/found/www.news-herald.com/https_trust.txt.txt,text/plain;charset=utf-8,VALID_TEXT,text-like content,
2026-03-15T13:39:41+00:00,www.newtimesslo.com,https,/.well-known/trust.txt,https://www.newtimesslo.com/.well-known/trust.txt,www.newtimesslo.com,200,536,86f9895098d72371c2de277f18473285d179ba41419139f8bb274265da580ba0,/home/almightyj/trusttxt-project/crawler/output/US/found/www.newtimesslo.com/https_.well-known_trust.txt.txt,text/plain;charset=utf-8,VALID_TEXT,text-like content,
2026-03-15T13:40:23+00:00,www.normangeestar.com,https,/.well-known/trust.txt,https://www.normangeestar.com/.well-known/trust.txt,www.normangeestar.com,200,760,c489856f27e109f308d7f764d6fa553b61ee5c3056515315ca3a6162047f07f9,/home/almightyj/trusttxt-project/crawler/output/US/found/www.normangeestar.com/https_.well-known_trust.txt.txt,text/plain; charset=UTF-8,VALID_TEXT,text-like content,
2026-03-15T13:40:28+00:00,www.northcoastjournal.com,https,/.well-known/trust.txt,https://www.northcoastjournal.com/.well-known/trust.txt,www.northcoastjournal.com,200,518,3a10070709043756600dcc8027dae05e0b8e61d0d8b7180d6b11a97dc8e4b0c3,/home/almightyj/trusttxt-project/crawler/output/US/found/www.northcoastjournal.com/https_.well-known_trust.txt.txt,text/plain;charset=utf-8,VALID_TEXT,text-like content,
2026-03-15T13:41:57+00:00,www.nydailynews.com,https,/trust.txt,https://www.nydailynews.com/trust.txt,www.nydailynews.com,200,215,6b614f03ca51c6938ae3ef9a60d5e0002aff19429baf8a3c71c1d2442573e6ba,/home/almightyj/trusttxt-project/crawler/output/US/found/www.nydailynews.com/https_trust.txt.txt,text/plain;charset=utf-8,VALID_TEXT,text-like content,
2026-03-15T13:42:25+00:00,www.ocregister.com,https,/trust.txt,https://www.ocregister.com/trust.txt,www.ocregister.com,200,213,04f379b3a39ee1fef9c2ecb9b97aa8cad273eef69b772a1884a5df378e4d5a17,/home/almightyj/trusttxt-project/crawler/output/US/found/www.ocregister.com/https_trust.txt.txt,text/plain;charset=utf-8,VALID_TEXT,text-like content,
2026-03-15T13:43:54+00:00,www.oneidadispatch.com,https,/trust.txt,https://www.oneidadispatch.com/trust.txt,www.oneidadispatch.com,200,221,d5048c542dc6873964aae5b9f7a4024bf865c894546fe847bd296e538e639799,/home/almightyj/trusttxt-project/crawler/output/US/found/www.oneidadispatch.com/https_trust.txt.txt,text/plain;charset=utf-8,VALID_TEXT,text-like content,
2026-03-15T13:44:20+00:00,www.orlandoweekly.com,https,/.well-known/trust.txt,https://www.orlandoweekly.com/.well-known/trust.txt,www.orlandoweekly.com,200,438,1ab077daaaefc41d9d52e1c180c002be9b6547a59180832c7c16d71db3ef9c14,/home/almightyj/trusttxt-project/crawler/output/US/found/www.orlandoweekly.com/https_.well-known_trust.txt.txt,text/plain;charset=utf-8,VALID_TEXT,text-like content,
2026-03-15T13:47:43+00:00,www.pcpatriot.com,https,/.well-known/trust.txt,https://www.pcpatriot.com/.well-known/trust.txt,www.pcpatriot.com,200,710,4f8a4fb8042945b261d38e2eacafea9b8227beaf7ee18fc040eb99f653386340,/home/almightyj/trusttxt-project/crawler/output/US/found/www.pcpatriot.com/https_.well-known_trust.txt.txt,text/plain,VALID_TEXT,text-like content,
2026-03-15T13:47:59+00:00,www.perrytonherald.com,https,/.well-known/trust.txt,https://www.perrytonherald.com/.well-known/trust.txt,www.perrytonherald.com,200,829,17b34eefd7af9aa258f457ef8f10a197e6079fc4cbf05b9e2b9f0e354297d785,/home/almightyj/trusttxt-project/crawler/output/US/found/www.perrytonherald.com/https_.well-known_trust.txt.txt,text/plain; charset=UTF-8,VALID_TEXT,text-like content,
2026-03-15T13:48:05+00:00,www.pghcitypaper.com,https,/.well-known/trust.txt,https://www.pghcitypaper.com/.well-known/trust.txt,www.pghcitypaper.com,200,644,77a05d9bf4fa8ed26e1d0c19d0576f1486f37c3cf87287b39ac65537c29cc4a0,/home/almightyj/trusttxt-project/crawler/output/US/found/www.pghcitypaper.com/https_.well-known_trust.txt.txt,text/plain;charset=utf-8,VALID_TEXT,text-like content,
2026-03-15T13:48:09+00:00,www.phoenixnewtimes.com,https,/trust.txt,https://www.phoenixnewtimes.com/trust.txt,www.phoenixnewtimes.com,200,433,fbc1e7767f4a5f0f5442f2ebda5f832d38802c27aef7b96a8f6b8056d56ecb20,/home/almightyj/trusttxt-project/crawler/output/US/found/www.phoenixnewtimes.com/https_trust.txt.txt,text/plain;charset=utf-8,VALID_TEXT,text-like content,
2026-03-15T13:48:16+00:00,www.pilotonline.com,https,/trust.txt,https://www.pilotonline.com/trust.txt,www.pilotonline.com,200,215,890c44944b97f54ed4f6afaae969859541414fa859c4080f9f4a078d63f79cf2,/home/almightyj/trusttxt-project/crawler/output/US/found/www.pilotonline.com/https_trust.txt.txt,text/plain;charset=utf-8,VALID_TEXT,text-like content,
2026-03-15T13:50:34+00:00,www.pottsmerc.com,https,/trust.txt,https://www.pottsmerc.com/trust.txt,www.pottsmerc.com,200,211,23660b3b6461e43daf7dc015ee73c819d77a45e435139cbbeb39944300fd4578,/home/almightyj/trusttxt-project/crawler/output/US/found/www.pottsmerc.com/https_trust.txt.txt,text/plain;charset=utf-8,VALID_TEXT,text-like content,
2026-03-15T13:52:00+00:00,www.pressdemocrat.com,https,/trust.txt,https://www.pressdemocrat.com/trust.txt,www.pressdemocrat.com,200,219,6e1c096b48916022bbc65f64ffdd4b74687f15bfcf578bfcad10da0bcccdca5d,/home/almightyj/trusttxt-project/crawler/output/US/found/www.pressdemocrat.com/https_trust.txt.txt,text/plain;charset=utf-8,VALID_TEXT,text-like content,
2026-03-15T13:52:52+00:00,www.progresstimes.net,https,/.well-known/trust.txt,https://www.progresstimes.net/.well-known/trust.txt,www.progresstimes.net,200,925,23f96640c7dff849192eb75c768e41283519a34c62987846b67470c5449b7b70,/home/almightyj/trusttxt-project/crawler/output/US/found/www.progresstimes.net/https_.well-known_trust.txt.txt,text/plain,VALID_TEXT,text-like content,
2026-03-15T13:54:17+00:00,www.rawstory.com,https,/trust.txt,https://www.rawstory.com/trust.txt,www.rawstory.com,200,406,d331bf9d9e0d0ada18124420f3a1082a13352b27ab3580d0f7038c69df58578a,/home/almightyj/trusttxt-project/crawler/output/US/found/www.rawstory.com/https_trust.txt.txt,text/plain,VALID_TEXT,text-like content,
2026-03-15T13:54:25+00:00,www.readingeagle.com,https,/trust.txt,https://www.readingeagle.com/trust.txt,www.readingeagle.com,200,217,6a1d71d5024b1d88330b86a0bf97b8456d2458f85642cfdbe7196eb8d47fcf46,/home/almightyj/trusttxt-project/crawler/output/US/found/www.readingeagle.com/https_trust.txt.txt,text/plain;charset=utf-8,VALID_TEXT,text-like content,
2026-03-15T13:55:29+00:00,www.republicanherald.com,https,/trust.txt,https://www.republicanherald.com/trust.txt,www.republicanherald.com,200,225,4c58ee7ac7fe67ff01d855dab5bd661915e755d731393d8ddbb4e432bff5f52d,/home/almightyj/trusttxt-project/crawler/output/US/found/www.republicanherald.com/https_trust.txt.txt,text/plain;charset=utf-8,VALID_TEXT,text-like content,
2026-03-15T13:56:04+00:00,www.rivahguide.com,https,/trust.txt,https://www.rivahguide.com/trust.txt,www.rivahguide.com,200,859,fa90edd92f794502a2d962f5a3ffaee718689dd6ae207b9165f1f2fa457aa806,/home/almightyj/trusttxt-project/crawler/output/US/found/www.rivahguide.com/https_trust.txt.txt,text/plain,VALID_TEXT,text-like content,
2026-03-15T13:56:10+00:00,www.rjionline.org,https,/trust.txt,https://rjionline.org/trust.txt,rjionline.org,200,543,4cffdc5f3cb69f88bf764df4bc8ec5bbfe6db87a42962289ee9fd89325ea3bca,/home/almightyj/trusttxt-project/crawler/output/US/found/www.rjionline.org/https_trust.txt.txt,text/plain,VALID_TEXT,text-like content,301:https://www.rjionline.org/trust.txt -> 200:https://rjionline.org/trust.txt
2026-03-15T14:00:05+00:00,www.sacurrent.com,https,/.well-known/trust.txt,https://www.sacurrent.com/.well-known/trust.txt,www.sacurrent.com,200,421,2e727c824225b4528c4eb098312b5c77426e6585cbd6164b7bf26ce2917ebcc7,/home/almightyj/trusttxt-project/crawler/output/US/found/www.sacurrent.com/https_.well-known_trust.txt.txt,text/plain;charset=utf-8,VALID_TEXT,text-like content,
2026-03-15T14:00:30+00:00,www.sandiegouniontribune.com,https,/trust.txt,https://www.sandiegouniontribune.com/trust.txt,www.sandiegouniontribune.com,200,233,a5ed4ed55ab1afefe1540f4a67b4f4c372b476d0cb01afd7a1c645d91c5e0753,/home/almightyj/trusttxt-project/crawler/output/US/found/www.sandiegouniontribune.com/https_trust.txt.txt,text/plain;charset=utf-8,VALID_TEXT,text-like content,
2026-03-15T14:01:30+00:00,www.saratogian.com,https,/trust.txt,https://www.saratogian.com/trust.txt,www.saratogian.com,200,213,1f066bf41abd7181c3ef779e093d42461525db601d6328f9aabfe9ea6da0baf1,/home/almightyj/trusttxt-project/crawler/output/US/found/www.saratogian.com/https_trust.txt.txt,text/plain;charset=utf-8,VALID_TEXT,text-like content,
2026-03-15T14:03:38+00:00,www.sentinelandenterprise.com,https,/trust.txt,https://www.sentinelandenterprise.com/trust.txt,www.sentinelandenterprise.com,200,235,68239d40aead3f925a79d8a34f12693ad1e452e62d2cfd673485a4ada7b65d20,/home/almightyj/trusttxt-project/crawler/output/US/found/www.sentinelandenterprise.com/https_trust.txt.txt,text/plain;charset=utf-8,VALID_TEXT,text-like content,
2026-03-15T14:03:45+00:00,www.sevendaysvt.com,https,/.well-known/trust.txt,https://www.sevendaysvt.com/.well-known/trust.txt,www.sevendaysvt.com,200,418,c45d8bc395aaa7f747578ce3c1588c55b82f77a79473723a0b7668a69f09f099,/home/almightyj/trusttxt-project/crawler/output/US/found/www.sevendaysvt.com/https_.well-known_trust.txt.txt,text/plain;charset=utf-8,VALID_TEXT,text-like content,
2026-03-15T14:05:16+00:00,www.southwesttimes.com,https,/.well-known/trust.txt,https://www.southwesttimes.com/.well-known/trust.txt,www.southwesttimes.com,200,710,4f8a4fb8042945b261d38e2eacafea9b8227beaf7ee18fc040eb99f653386340,/home/almightyj/trusttxt-project/crawler/output/US/found/www.southwesttimes.com/https_.well-known_trust.txt.txt,text/plain,VALID_TEXT,text-like content,
2026-03-15T14:07:05+00:00,www.standardspeaker.com,https,/trust.txt,https://www.standardspeaker.com/trust.txt,www.standardspeaker.com,200,223,07982c397a564b93a7bd0ebcecbf7ee5e8605333bd04f6214ee777b744b09581,/home/almightyj/trusttxt-project/crawler/output/US/found/www.standardspeaker.com/https_trust.txt.txt,text/plain;charset=utf-8,VALID_TEXT,text-like content,
2026-03-15T14:09:00+00:00,www.styleblueprint.com,https,/trust.txt,https://styleblueprint.com/trust.txt,styleblueprint.com,200,386,a3e32aa0f6139e51816fc273b91d88c67b0aae145e059ffff73dce952d2768b6,/home/almightyj/trusttxt-project/crawler/output/US/found/www.styleblueprint.com/https_trust.txt.txt,text/plain,VALID_TEXT,text-like content,301:https://www.styleblueprint.com/trust.txt -> 200:https://styleblueprint.com/trust.txt
2026-03-15T14:09:14+00:00,www.sun-sentinel.com,https,/trust.txt,https://www.sun-sentinel.com/trust.txt,www.sun-sentinel.com,200,217,2678e2baa56c1db40efb5b3f5d5b621014821dd267290df70ed3d0add9895540,/home/almightyj/trusttxt-project/crawler/output/US/found/www.sun-sentinel.com/https_trust.txt.txt,text/plain;charset=utf-8,VALID_TEXT,text-like content,
2026-03-15T14:12:48+00:00,www.thecoast.ca,https,/.well-known/trust.txt,https://www.thecoast.ca/.well-known/trust.txt,www.thecoast.ca,200,453,fccf4ad6ce294c795eb9b01f47478f4171529436fae785cfb2afd2e4cded9793,/home/almightyj/trusttxt-project/crawler/output/US/found/www.thecoast.ca/https_.well-known_trust.txt.txt,text/plain;charset=utf-8,VALID_TEXT,text-like content,
2026-03-15T14:13:03+00:00,www.thecreweburkevillejournal.com,https,/trust.txt,https://www.thecreweburkevillejournal.com/trust.txt,www.thecreweburkevillejournal.com,200,792,307a25ec2d7a2f479349e5e11ab0bac8e1fd47da394fdec315c9ffde4674ae2f,/home/almightyj/trusttxt-project/crawler/output/US/found/www.thecreweburkevillejournal.com/https_trust.txt.txt,text/plain;charset=UTF-8,VALID_TEXT,text-like content,
2026-03-15T14:15:14+00:00,www.thenewsherald.com,https,/trust.txt,https://www.thenewsherald.com/trust.txt,www.thenewsherald.com,200,219,6cf40a5c627c6dac659ba5d04c13a41c3181a79a58e18120ab7846b1af0dd1b3,/home/almightyj/trusttxt-project/crawler/output/US/found/www.thenewsherald.com/https_trust.txt.txt,text/plain;charset=utf-8,VALID_TEXT,text-like content,
2026-03-15T14:16:06+00:00,www.theoaklandpress.com,https,/trust.txt,https://www.theoaklandpress.com/trust.txt,www.theoaklandpress.com,200,223,f1a81944f363efaf693c1fb6eba10f6c4d613ff7479461a764ef3d8756a85e71,/home/almightyj/trusttxt-project/crawler/output/US/found/www.theoaklandpress.com/https_trust.txt.txt,text/plain;charset=utf-8,VALID_TEXT,text-like content,
2026-03-15T14:19:49+00:00,www.thetimes-tribune.com,https,/trust.txt,https://www.thetimes-tribune.com/trust.txt,www.thetimes-tribune.com,200,225,cd5fa9f38df1eab5dae28eb74f0efc884a612202071fd90b782138a468607976,/home/almightyj/trusttxt-project/crawler/output/US/found/www.thetimes-tribune.com/https_trust.txt.txt,text/plain;charset=utf-8,VALID_TEXT,text-like content,
2026-03-15T14:23:12+00:00,www.trentonian.com,https,/trust.txt,https://www.trentonian.com/trust.txt,www.trentonian.com,200,213,cc028604062201a3b61d91835911154b761b8646ca98779bbd046149a2f0fae4,/home/almightyj/trusttxt-project/crawler/output/US/found/www.trentonian.com/https_trust.txt.txt,text/plain;charset=utf-8,VALID_TEXT,text-like content,
2026-03-15T14:24:21+00:00,www.tucsonweekly.com,https,/.well-known/trust.txt,https://www.tucsonweekly.com/.well-known/trust.txt,www.tucsonweekly.com,200,453,517075a1c73bbbf9cf80d9dec4cd57078a3bf6c2dd364b6c108268f85573d3fe,/home/almightyj/trusttxt-project/crawler/output/US/found/www.tucsonweekly.com/https_.well-known_trust.txt.txt,text/plain;charset=utf-8,VALID_TEXT,text-like content,
2026-03-15T14:24:41+00:00,www.twincities.com,https,/trust.txt,https://www.twincities.com/trust.txt,www.twincities.com,200,213,65eb0d6a9bd9de3bf2071627edafc64b3b7ea15b2b5da412519a8aeaadabfc42,/home/almightyj/trusttxt-project/crawler/output/US/found/www.twincities.com/https_trust.txt.txt,text/plain;charset=utf-8,VALID_TEXT,text-like content,
2026-03-15T14:29:03+00:00,www.virginiastar.net,https,/trust.txt,https://www.virginiastar.net/trust.txt,www.virginiastar.net,200,789,ddace7961b0c53fc7731edd0b74de90fbb50e858e4b04fa9db7638756a46ae4b,/home/almightyj/trusttxt-project/crawler/output/US/found/www.virginiastar.net/https_trust.txt.txt,text/plain;charset=UTF-8,VALID_TEXT,text-like content,
2026-03-15T14:29:13+00:00,www.vpa.net,https,/trust.txt,https://www.vpa.net/trust.txt,www.vpa.net,200,7352,30b4618a9b5145e2d11cad4783de6a2fa25e95be3f5841ea0e7e54386e5fce90,/home/almightyj/trusttxt-project/crawler/output/US/found/www.vpa.net/https_trust.txt.txt,text/plain; charset=UTF-8,VALID_TEXT,text-like content,
2026-03-15T14:33:47+00:00,www.wilsoncountynews.com,https,/trust.txt,https://www.wilsoncountynews.com/trust.txt,www.wilsoncountynews.com,200,1094,4ec40f0246abf4e169d9cef88336d13b132cd8be349043d59ed157c3454a4239,/home/almightyj/trusttxt-project/crawler/output/US/found/www.wilsoncountynews.com/https_trust.txt.txt,text/plain;charset=UTF-8,VALID_TEXT,text-like content,
2026-03-15T14:37:19+00:00,julesburgadvocate.com,https,/trust.txt,https://julesburgadvocate.com/trust.txt,julesburgadvocate.com,200,227,b77130882e3987546931138bab3b6614e2d607561f79fe7624c29282de9ca797,/home/almightyj/trusttxt-project/crawler/output/US/found/julesburgadvocate.com/https_trust.txt.txt,text/plain;charset=utf-8,VALID_TEXT,text-like content,
2026-03-15T14:37:21+00:00,lamarledger.com,https,/trust.txt,https://lamarledger.com/trust.txt,lamarledger.com,200,215,4deacb4fe442b1412dc19fb75f10ab8eccf481414157f34fbf7f363f721ba161,/home/almightyj/trusttxt-project/crawler/output/US/found/lamarledger.com/https_trust.txt.txt,text/plain;charset=utf-8,VALID_TEXT,text-like content,
2026-03-15T14:37:23+00:00,reporterherald.com,https,/trust.txt,https://reporterherald.com/trust.txt,reporterherald.com,200,221,332b2905635d1af3e43b7526c28d43b84e1c845a36e19f753dc479265602bb92,/home/almightyj/trusttxt-project/crawler/output/US/found/reporterherald.com/https_trust.txt.txt,text/plain;charset=utf-8,VALID_TEXT,text-like content,
2026-03-15T14:37:25+00:00,timescall.com,https,/trust.txt,https://timescall.com/trust.txt,timescall.com,200,211,b0592da4f5f768c86351cf5282333703cbb0f81b28682e6eab474c7cb61fb0c7,/home/almightyj/trusttxt-project/crawler/output/US/found/timescall.com/https_trust.txt.txt,text/plain;charset=utf-8,VALID_TEXT,text-like content,
2026-03-15T14:37:26+00:00,aan.org,https,/trust.txt,https://aan.org/trust.txt,aan.org,200,3525,badb0260517208a8aefa891261fe0d390ef7485590c1888a137894671d1f0c2b,/home/almightyj/trusttxt-project/crawler/output/US/found/aan.org/https_trust.txt.txt,text/plain;charset=UTF-8,VALID_TEXT,text-like content,
2026-03-15T14:37:46+00:00,www.eppyawards.com,https,/trust.txt,https://www.eppyawards.com/trust.txt,www.eppyawards.com,200,285,e79f853d5cd50466c80526fe04d8f644885f60638528ac8e6e63958fa5fd6e8f,/home/almightyj/trusttxt-project/crawler/output/US/found/www.eppyawards.com/https_trust.txt.txt,text/plain;charset=UTF-8,VALID_TEXT,text-like content,
2026-03-15T14:38:01+00:00,orlandosentinel.com,https,/trust.txt,https://orlandosentinel.com/trust.txt,orlandosentinel.com,200,223,65d6b4a7f37f05c802b18679b62ac71df531e1418944ab90ac511b2929a6c6e2,/home/almightyj/trusttxt-project/crawler/output/US/found/orlandosentinel.com/https_trust.txt.txt,text/plain;charset=utf-8,VALID_TEXT,text-like content,
2026-03-15T14:46:08+00:00,www.apa.at,https,/trust.txt,https://apa.at/trust.txt,apa.at,200,38,f83bd5ba555f8aaec1fb7bffb73436604ddda0f4f4aea221bd37891f93d91934,/home/almightyj/trusttxt-project/crawler/output/US/found/www.apa.at/https_trust.txt.txt,text/plain; charset=utf-8,VALID_TEXT,text-like content,301:https://www.apa.at/trust.txt -> 200:https://apa.at/trust.txt
2026-03-15T14:51:31+00:00,agproud.com,https,/trust.txt,http://www.agproud.com/trust.txt,www.agproud.com,200,1404,7a3d3ee173a2dad40022ebfeddeb82b6173df44596c1e1ed7318c819892d361e,/home/almightyj/trusttxt-project/crawler/output/US/found/agproud.com/https_trust.txt.txt,text/plain,VALID_TEXT,text-like content,301:https://agproud.com/trust.txt -> 200:http://www.agproud.com/trust.txt
2026-03-15T14:53:45+00:00,auditedmedia.com,https,/trust.txt,https://auditedmedia.com/hubfs/trust.txt,auditedmedia.com,200,26289,b130da79460ba661d33e12cec46c70d4c8a5f98256d175657ea6044651c20388,/home/almightyj/trusttxt-project/crawler/output/US/found/auditedmedia.com/https_trust.txt.txt,text/plain,VALID_TEXT,text-like content,301:https://auditedmedia.com/trust.txt -> 200:https://auditedmedia.com/hubfs/trust.txt
2026-03-15T14:54:17+00:00,baltimoresun.com,https,/trust.txt,https://baltimoresun.com/trust.txt,baltimoresun.com,200,217,823806d5087bc6aacebe04ef069a54e28ecb92560a5bce527e7b66a09424bf8f,/home/almightyj/trusttxt-project/crawler/output/US/found/baltimoresun.com/https_trust.txt.txt,text/plain;charset=utf-8,VALID_TEXT,text-like content,
2026-03-15T14:56:30+00:00,bostonherald.com,https,/trust.txt,https://bostonherald.com/trust.txt,bostonherald.com,200,217,a22ea9c80c843b21850e95ef37ffa503fb17956699cdcf38e4f5864788aff7b4,/home/almightyj/trusttxt-project/crawler/output/US/found/bostonherald.com/https_trust.txt.txt,text/plain;charset=utf-8,VALID_TEXT,text-like content,
2026-03-15T14:58:35+00:00,capitalgazette.com,https,/trust.txt,https://capitalgazette.com/trust.txt,capitalgazette.com,200,221,a5df5c5c283e14011b2a0552142cf169afb7762cdb24e728d475f1110dedd851,/home/almightyj/trusttxt-project/crawler/output/US/found/capitalgazette.com/https_trust.txt.txt,text/plain;charset=utf-8,VALID_TEXT,text-like content,
2026-03-15T14:58:52+00:00,chicagotribune.com,https,/trust.txt,https://chicagotribune.com/trust.txt,chicagotribune.com,200,221,fea3d28ca89adcf50904d2246d89f25e8a73515ba4e47addec0e39c2d6eca7c7,/home/almightyj/trusttxt-project/crawler/output/US/found/chicagotribune.com/https_trust.txt.txt,text/plain;charset=utf-8,VALID_TEXT,text-like content,
2026-03-15T14:59:23+00:00,citizensvoice.com,https,/trust.txt,https://citizensvoice.com/trust.txt,citizensvoice.com,200,219,61d227deaefa0bc0f204e813996553c4855410ff1d68fe5dbb4efab784ebf3f0,/home/almightyj/trusttxt-project/crawler/output/US/found/citizensvoice.com/https_trust.txt.txt,text/plain;charset=utf-8,VALID_TEXT,text-like content,
2026-03-15T15:00:26+00:00,courant.com,https,/trust.txt,https://courant.com/trust.txt,courant.com,200,207,3f6cea7b6c764b7468d0abd5a44032220b86369199a34295de2a4e5a92428bbc,/home/almightyj/trusttxt-project/crawler/output/US/found/courant.com/https_trust.txt.txt,text/plain;charset=utf-8,VALID_TEXT,text-like content,
2026-03-15T15:01:51+00:00,dailyfreeman.com,https,/trust.txt,https://dailyfreeman.com/trust.txt,dailyfreeman.com,200,217,d7e29090661ab97fd4fa0ce1c1ddd1f94b15cb417966ed8ed395e15ca67b5d61,/home/almightyj/trusttxt-project/crawler/output/US/found/dailyfreeman.com/https_trust.txt.txt,text/plain;charset=utf-8,VALID_TEXT,text-like content,
2026-03-15T15:01:52+00:00,dailylocal.com,https,/trust.txt,https://dailylocal.com/trust.txt,dailylocal.com,200,213,435db12a8ebe38485d1d7e05e4a6f8998bf5467d0ef896906deb3b2ced0530b0,/home/almightyj/trusttxt-project/crawler/output/US/found/dailylocal.com/https_trust.txt.txt,text/plain;charset=utf-8,VALID_TEXT,text-like content,
2026-03-15T15:01:54+00:00,dailypress.com,https,/trust.txt,https://dailypress.com/trust.txt,dailypress.com,200,213,fc0f6113770685e2823e6617670672419a5ab8173474e1679baaf10b036e2a55,/home/almightyj/trusttxt-project/crawler/output/US/found/dailypress.com/https_trust.txt.txt,text/plain;charset=utf-8,VALID_TEXT,text-like content,
2026-03-15T15:02:26+00:00,delcotimes.com,https,/trust.txt,https://delcotimes.com/trust.txt,delcotimes.com,200,213,6086b34cb3fa842bc373b6b3c7acb25d6e05bf2bb30e09a7ec412382ca416e62,/home/almightyj/trusttxt-project/crawler/output/US/found/delcotimes.com/https_trust.txt.txt,text/plain;charset=utf-8,VALID_TEXT,text-like content,
2026-03-15T15:09:07+00:00,hemmings.com,https,/.well-known/trust.txt,https://www.hemmings.com/.well-known/trust.txt,www.hemmings.com,200,1228,138bcfc97d49bedae94a47fa371b7523fd9d51c17212978bc452d36b08370720,/home/almightyj/trusttxt-project/crawler/output/US/found/hemmings.com/https_.well-known_trust.txt.txt,text/plain; charset=UTF-8,VALID_TEXT,text-like content,301:https://hemmings.com/.well-known/trust.txt -> 200:https://www.hemmings.com/.well-known/trust.txt
2026-03-15T15:13:30+00:00,lowellsun.com,https,/trust.txt,https://lowellsun.com/trust.txt,lowellsun.com,200,211,1064303d6899807422687fba7e4d41c1ad50726eedf38998cb408f241916bc1f,/home/almightyj/trusttxt-project/crawler/output/US/found/lowellsun.com/https_trust.txt.txt,text/plain;charset=utf-8,VALID_TEXT,text-like content,
2026-03-15T15:13:47+00:00,macombdaily.com,https,/trust.txt,https://macombdaily.com/trust.txt,macombdaily.com,200,215,3e5bcf8098508a31031bbeee2812cd2b8e83818e982a9432482421fe366d2036,/home/almightyj/trusttxt-project/crawler/output/US/found/macombdaily.com/https_trust.txt.txt,text/plain;charset=utf-8,VALID_TEXT,text-like content,
2026-03-15T15:14:30+00:00,mcall.com,https,/trust.txt,https://mcall.com/trust.txt,mcall.com,200,203,36aaeb97705f49cfc2d0a84b7140962100bbf4f72a664616c527ebbf983a2276,/home/almightyj/trusttxt-project/crawler/output/US/found/mcall.com/https_trust.txt.txt,text/plain;charset=utf-8,VALID_TEXT,text-like content,
2026-03-15T15:14:54+00:00,mercurynews.com,https,/trust.txt,https://mercurynews.com/trust.txt,mercurynews.com,200,215,e3400841bf03126d228e8bd5a68095ba7f22f0bf9e24964b7dcba9690fe72303,/home/almightyj/trusttxt-project/crawler/output/US/found/mercurynews.com/https_trust.txt.txt,text/plain;charset=utf-8,VALID_TEXT,text-like content,
2026-03-15T15:15:39+00:00,morningjournal.com,https,/trust.txt,https://morningjournal.com/trust.txt,morningjournal.com,200,221,1043c587d85323c2e092eef59a34ddae4f4e1f9f9d38c2a8e394d48b80244f63,/home/almightyj/trusttxt-project/crawler/output/US/found/morningjournal.com/https_trust.txt.txt,text/plain;charset=utf-8,VALID_TEXT,text-like content,
2026-03-15T15:17:10+00:00,news-herald.com,https,/trust.txt,https://news-herald.com/trust.txt,news-herald.com,200,215,c7253894fcb5fd65e59ad931c7e191d2d9214163580e6a78a1c99732d35d003a,/home/almightyj/trusttxt-project/crawler/output/US/found/news-herald.com/https_trust.txt.txt,text/plain;charset=utf-8,VALID_TEXT,text-like content,
2026-03-15T15:18:17+00:00,nydailynews.com,https,/trust.txt,https://nydailynews.com/trust.txt,nydailynews.com,200,215,6b614f03ca51c6938ae3ef9a60d5e0002aff19429baf8a3c71c1d2442573e6ba,/home/almightyj/trusttxt-project/crawler/output/US/found/nydailynews.com/https_trust.txt.txt,text/plain;charset=utf-8,VALID_TEXT,text-like content,
2026-03-15T15:18:27+00:00,ocregister.com,https,/trust.txt,https://ocregister.com/trust.txt,ocregister.com,200,213,04f379b3a39ee1fef9c2ecb9b97aa8cad273eef69b772a1884a5df378e4d5a17,/home/almightyj/trusttxt-project/crawler/output/US/found/ocregister.com/https_trust.txt.txt,text/plain;charset=utf-8,VALID_TEXT,text-like content,
2026-03-15T15:19:21+00:00,oneidadispatch.com,https,/trust.txt,https://oneidadispatch.com/trust.txt,oneidadispatch.com,200,221,d5048c542dc6873964aae5b9f7a4024bf865c894546fe847bd296e538e639799,/home/almightyj/trusttxt-project/crawler/output/US/found/oneidadispatch.com/https_trust.txt.txt,text/plain;charset=utf-8,VALID_TEXT,text-like content,
2026-03-15T15:20:13+00:00,pilotonline.com,https,/trust.txt,https://pilotonline.com/trust.txt,pilotonline.com,200,215,890c44944b97f54ed4f6afaae969859541414fa859c4080f9f4a078d63f79cf2,/home/almightyj/trusttxt-project/crawler/output/US/found/pilotonline.com/https_trust.txt.txt,text/plain;charset=utf-8,VALID_TEXT,text-like content,
2026-03-15T15:21:01+00:00,pottsmerc.com,https,/trust.txt,https://pottsmerc.com/trust.txt,pottsmerc.com,200,211,23660b3b6461e43daf7dc015ee73c819d77a45e435139cbbeb39944300fd4578,/home/almightyj/trusttxt-project/crawler/output/US/found/pottsmerc.com/https_trust.txt.txt,text/plain;charset=utf-8,VALID_TEXT,text-like content,
2026-03-15T15:23:26+00:00,readingeagle.com,https,/trust.txt,https://readingeagle.com/trust.txt,readingeagle.com,200,217,6a1d71d5024b1d88330b86a0bf97b8456d2458f85642cfdbe7196eb8d47fcf46,/home/almightyj/trusttxt-project/crawler/output/US/found/readingeagle.com/https_trust.txt.txt,text/plain;charset=utf-8,VALID_TEXT,text-like content,
2026-03-15T15:24:20+00:00,republicanherald.com,https,/trust.txt,https://republicanherald.com/trust.txt,republicanherald.com,200,225,4c58ee7ac7fe67ff01d855dab5bd661915e755d731393d8ddbb4e432bff5f52d,/home/almightyj/trusttxt-project/crawler/output/US/found/republicanherald.com/https_trust.txt.txt,text/plain;charset=utf-8,VALID_TEXT,text-like content,
2026-03-15T15:26:01+00:00,sandiegouniontribune.com,https,/trust.txt,https://sandiegouniontribune.com/trust.txt,sandiegouniontribune.com,200,233,a5ed4ed55ab1afefe1540f4a67b4f4c372b476d0cb01afd7a1c645d91c5e0753,/home/almightyj/trusttxt-project/crawler/output/US/found/sandiegouniontribune.com/https_trust.txt.txt,text/plain;charset=utf-8,VALID_TEXT,text-like content,
2026-03-15T15:26:04+00:00,saratogian.com,https,/trust.txt,https://saratogian.com/trust.txt,saratogian.com,200,213,1f066bf41abd7181c3ef779e093d42461525db601d6328f9aabfe9ea6da0baf1,/home/almightyj/trusttxt-project/crawler/output/US/found/saratogian.com/https_trust.txt.txt,text/plain;charset=utf-8,VALID_TEXT,text-like content,
2026-03-15T15:27:17+00:00,sentinelandenterprise.com,https,/trust.txt,https://sentinelandenterprise.com/trust.txt,sentinelandenterprise.com,200,235,68239d40aead3f925a79d8a34f12693ad1e452e62d2cfd673485a4ada7b65d20,/home/almightyj/trusttxt-project/crawler/output/US/found/sentinelandenterprise.com/https_trust.txt.txt,text/plain;charset=utf-8,VALID_TEXT,text-like content,
2026-03-15T15:28:29+00:00,standardspeaker.com,https,/trust.txt,https://standardspeaker.com/trust.txt,standardspeaker.com,200,223,07982c397a564b93a7bd0ebcecbf7ee5e8605333bd04f6214ee777b744b09581,/home/almightyj/trusttxt-project/crawler/output/US/found/standardspeaker.com/https_trust.txt.txt,text/plain;charset=utf-8,VALID_TEXT,text-like content,
2026-03-15T15:29:45+00:00,styleblueprint.com,https,/trust.txt,https://styleblueprint.com/trust.txt,styleblueprint.com,200,386,a3e32aa0f6139e51816fc273b91d88c67b0aae145e059ffff73dce952d2768b6,/home/almightyj/trusttxt-project/crawler/output/US/found/styleblueprint.com/https_trust.txt.txt,text/plain,VALID_TEXT,text-like content,
2026-03-15T15:29:47+00:00,sun-sentinel.com,https,/trust.txt,https://sun-sentinel.com/trust.txt,sun-sentinel.com,200,217,2678e2baa56c1db40efb5b3f5d5b621014821dd267290df70ed3d0add9895540,/home/almightyj/trusttxt-project/crawler/output/US/found/sun-sentinel.com/https_trust.txt.txt,text/plain;charset=utf-8,VALID_TEXT,text-like content,
2026-03-15T15:31:19+00:00,thenewsherald.com,https,/trust.txt,https://thenewsherald.com/trust.txt,thenewsherald.com,200,219,6cf40a5c627c6dac659ba5d04c13a41c3181a79a58e18120ab7846b1af0dd1b3,/home/almightyj/trusttxt-project/crawler/output/US/found/thenewsherald.com/https_trust.txt.txt,text/plain;charset=utf-8,VALID_TEXT,text-like content,
2026-03-15T15:31:28+00:00,theoaklandpress.com,https,/trust.txt,https://theoaklandpress.com/trust.txt,theoaklandpress.com,200,223,f1a81944f363efaf693c1fb6eba10f6c4d613ff7479461a764ef3d8756a85e71,/home/almightyj/trusttxt-project/crawler/output/US/found/theoaklandpress.com/https_trust.txt.txt,text/plain;charset=utf-8,VALID_TEXT,text-like content,
2026-03-15T15:31:39+00:00,thetimes-tribune.com,https,/trust.txt,https://thetimes-tribune.com/trust.txt,thetimes-tribune.com,200,225,cd5fa9f38df1eab5dae28eb74f0efc884a612202071fd90b782138a468607976,/home/almightyj/trusttxt-project/crawler/output/US/found/thetimes-tribune.com/https_trust.txt.txt,text/plain;charset=utf-8,VALID_TEXT,text-like content,
2026-03-15T15:32:59+00:00,trentonian.com,https,/trust.txt,https://trentonian.com/trust.txt,trentonian.com,200,213,cc028604062201a3b61d91835911154b761b8646ca98779bbd046149a2f0fae4,/home/almightyj/trusttxt-project/crawler/output/US/found/trentonian.com/https_trust.txt.txt,text/plain;charset=utf-8,VALID_TEXT,text-like content,
2026-03-15T15:33:23+00:00,twincities.com,https,/trust.txt,https://twincities.com/trust.txt,twincities.com,200,213,65eb0d6a9bd9de3bf2071627edafc64b3b7ea15b2b5da412519a8aeaadabfc42,/home/almightyj/trusttxt-project/crawler/output/US/found/twincities.com/https_trust.txt.txt,text/plain;charset=utf-8,VALID_TEXT,text-like content,
2026-03-15T15:35:31+00:00,publishwithfoundation.com,https,/trust.txt,https://publishwithfoundation.com/trust.txt,publishwithfoundation.com,200,1942,46f50962fdb3b99366432e14068c6d7feb9e7c658fbbb89f71ce48dc0cee061e,/home/almightyj/trusttxt-project/crawler/output/US/found/publishwithfoundation.com/https_trust.txt.txt,text/plain,VALID_TEXT,text-like content,
2026-03-15T15:35:41+00:00,cadetnewspaper.com,https,/.well-known/trust.txt,https://cadetnewspaper.com/.well-known/trust.txt,cadetnewspaper.com,200,776,a4e28a106d874ff3892181df1ca2764c2bbc7b72228164f2670a028bb623a269,/home/almightyj/trusttxt-project/crawler/output/US/found/cadetnewspaper.com/https_.well-known_trust.txt.txt,text/plain,VALID_TEXT,text-like content,
2026-03-15T15:35:43+00:00,checkyourfact.com,https,/trust.txt,https://checkyourfact.com/trust.txt,checkyourfact.com,200,128,f16b2d9fda748ae792a34c0fc66dd0d9e0c7c3c1222b6f28a1524723e032a3bf,/home/almightyj/trusttxt-project/crawler/output/US/found/checkyourfact.com/https_trust.txt.txt,text/plain; charset=utf-8,VALID_TEXT,text-like content,
2026-03-15T15:35:44+00:00,dailycaller.com,https,/trust.txt,https://dailycaller.com/trust.txt,dailycaller.com,200,355,9a8c2bc824ef608a015aa324fd94933e3a1b39690c79726c45ddcc64ee87bcc1,/home/almightyj/trusttxt-project/crawler/output/US/found/dailycaller.com/https_trust.txt.txt,text/plain; charset=utf-8,VALID_TEXT,text-like content,
2026-03-15T15:37:59+00:00,gfmd.info,https,/trust.txt,https://gfmd.info/trust.txt,gfmd.info,200,6417,4c36da27534d72ca80b3cea08095a59dfc2239da1ef081254a9d198623466cca,/home/almightyj/trusttxt-project/crawler/output/US/found/gfmd.info/https_trust.txt.txt,text/plain;charset=UTF-8,VALID_TEXT,text-like content,
2026-03-15T15:40:21+00:00,highlandscurrent.org,https,/.well-known/trust.txt,https://highlandscurrent.org/.well-known/trust.txt,highlandscurrent.org,200,734,0e16b37fa0e6e613b0d0f60f9cfeb9d7b254502f6b8badb72414d2268c4d97d5,/home/almightyj/trusttxt-project/crawler/output/US/found/highlandscurrent.org/https_.well-known_trust.txt.txt,text/plain;charset=UTF-8,VALID_TEXT,text-like content,
2026-03-15T15:41:13+00:00,myreporternews.com,https,/.well-known/trust.txt,https://myreporternews.com/.well-known/trust.txt,myreporternews.com,200,964,5702a4de9e6c57d6b1145fbf60c8810e2173e8af9d781c459f0f3917938b6b6a,/home/almightyj/trusttxt-project/crawler/output/US/found/myreporternews.com/https_.well-known_trust.txt.txt,text/plain,VALID_TEXT,text-like content,
2026-03-15T15:41:17+00:00,pcpatriot.com,https,/.well-known/trust.txt,https://pcpatriot.com/.well-known/trust.txt,pcpatriot.com,200,710,4f8a4fb8042945b261d38e2eacafea9b8227beaf7ee18fc040eb99f653386340,/home/almightyj/trusttxt-project/crawler/output/US/found/pcpatriot.com/https_.well-known_trust.txt.txt,text/plain,VALID_TEXT,text-like content,
2026-03-15T15:41:18+00:00,pghcitypaper.com,https,/.well-known/trust.txt,https://www.pghcitypaper.com/.well-known/trust.txt,www.pghcitypaper.com,200,644,77a05d9bf4fa8ed26e1d0c19d0576f1486f37c3cf87287b39ac65537c29cc4a0,/home/almightyj/trusttxt-project/crawler/output/US/found/pghcitypaper.com/https_.well-known_trust.txt.txt,text/plain;charset=utf-8,VALID_TEXT,text-like content,301:https://pghcitypaper.com/.well-known/trust.txt -> 200:https://www.pghcitypaper.com/.well-known/trust.txt
2026-03-15T15:41:22+00:00,pressdemocrat.com,https,/trust.txt,https://pressdemocrat.com/trust.txt,pressdemocrat.com,200,219,3fc9449873abe6b5bdf162e4ee4d6ef2c607c278a9f774b962c6478d29d2de14,/home/almightyj/trusttxt-project/crawler/output/US/found/pressdemocrat.com/https_trust.txt.txt,text/plain;charset=utf-8,VALID_TEXT,text-like content,
2026-03-15T15:41:25+00:00,rjionline.org,https,/trust.txt,https://rjionline.org/trust.txt,rjionline.org,200,543,4cffdc5f3cb69f88bf764df4bc8ec5bbfe6db87a42962289ee9fd89325ea3bca,/home/almightyj/trusttxt-project/crawler/output/US/found/rjionline.org/https_trust.txt.txt,text/plain,VALID_TEXT,text-like content,
2026-03-15T15:44:43+00:00,www.mcall.com,https,/trust.txt,https://www.mcall.com/trust.txt,www.mcall.com,200,203,36aaeb97705f49cfc2d0a84b7140962100bbf4f72a664616c527ebbf983a2276,/home/almightyj/trusttxt-project/crawler/output/US/found/www.mcall.com/https_trust.txt.txt,text/plain;charset=utf-8,VALID_TEXT,text-like content,
2026-03-15T15:44:51+00:00,www.browardpalmbeach.com,https,/trust.txt,https://www.browardpalmbeach.com/trust.txt,www.browardpalmbeach.com,200,397,c3794eb7121b69e7f8aae9ac05931307926a270be0ea3ef9623bd7a9be619ef2,/home/almightyj/trusttxt-project/crawler/output/US/found/www.browardpalmbeach.com/https_trust.txt.txt,text/plain;charset=utf-8,VALID_TEXT,text-like content,
2026-03-15T15:44:53+00:00,www.clclt.com,https,/trust.txt,https://clclt.com/trust.txt,clclt.com,200,438,7e765cf152188403e744a9404dea2a3322ffcf8b1e083f6e3c9117f1e76810aa,/home/almightyj/trusttxt-project/crawler/output/US/found/www.clclt.com/https_trust.txt.txt,text/plain;charset=utf-8,VALID_TEXT,text-like content,301:https://www.clclt.com/trust.txt -> 200:https://clclt.com/trust.txt
2026-03-15T15:44:54+00:00,www.connectsavannah.com,https,/.well-known/trust.txt,https://www.connectsavannah.com/.well-known/trust.txt,www.connectsavannah.com,200,426,6c62ae91f97a36d5f738b85b1fbb71f47aa3d90282621d3f96f47315694861ff,/home/almightyj/trusttxt-project/crawler/output/US/found/www.connectsavannah.com/https_.well-known_trust.txt.txt,text/plain;charset=utf-8,VALID_TEXT,text-like content,
2026-03-15T15:45:17+00:00,www.okgazette.com,https,/.well-known/trust.txt,https://www.okgazette.com/.well-known/trust.txt,www.okgazette.com,200,412,b6a80767c3150bf575d619ccf0c26733abe93f65bc7e5cd1be452f17ce26a73c,/home/almightyj/trusttxt-project/crawler/output/US/found/www.okgazette.com/https_.well-known_trust.txt.txt,text/plain;charset=utf-8,VALID_TEXT,text-like content,
2026-03-15T15:45:38+00:00,clclt.com,https,/trust.txt,https://clclt.com/trust.txt,clclt.com,200,438,7e765cf152188403e744a9404dea2a3322ffcf8b1e083f6e3c9117f1e76810aa,/home/almightyj/trusttxt-project/crawler/output/US/found/clclt.com/https_trust.txt.txt,text/plain;charset=utf-8,VALID_TEXT,text-like content,
