ts_utc,domain,scheme,found_path,status,bytes,sha256,saved_to,content_type
2026-01-26T19:08:13+00:00,flpress.com,https,/trust.txt,200,4904,ee714d22ecd69ba0cde2eaa4a8d6650e6d70017781225db2ebe1a4b3866fc80c,/root/trusttxt-env/crawler/output/found/flpress.com/https_trust.txt.txt,text/plain;charset=UTF-8
2026-01-26T19:08:26+00:00,journallist.net,https,/.well-known/trust.txt,200,98672,1ce0a8125a358eb4ebab8ef28ef28432fb21407f209ce5f54e4a38e5e6785f87,/root/trusttxt-env/crawler/output/found/journallist.net/https_.well-known_trust.txt.txt,text/plain;charset=UTF-8
2026-01-26T19:09:12+00:00,www.ap.org,https,/trust.txt,200,1219,ad6e9657c4ef5da9afccb536e2b0d1978e9465e1d4e9da42b71a618dd3ca235c,/root/trusttxt-env/crawler/output/found/www.ap.org/https_trust.txt.txt,text/plain
2026-01-26T19:09:27+00:00,www.aroundosceola.com,https,/.well-known/trust.txt,200,836,7b4ea347e846a43b824a6e845cf871f451085333d3ca0d0c33b135b2b9c8b62d,/root/trusttxt-env/crawler/output/found/www.aroundosceola.com/https_.well-known_trust.txt.txt,text/plain; charset=UTF-8
2026-01-26T19:10:34+00:00,www.bizjournals.com,https,/.well-known/trust.txt,200,13788,cfa5a50e3fb11abc2e4099eda2f5126283b1288ca9273d966b9994d5ba7d182f,/root/trusttxt-env/crawler/output/found/www.bizjournals.com/https_.well-known_trust.txt.txt,text/plain; charset=UTF-8
2026-01-26T19:13:56+00:00,www.editorandpublisher.com,https,/trust.txt,200,928,644ef0bbc902b17ac3d3a2704e586f1a88e09000c291770d0abc598620f29441,/root/trusttxt-env/crawler/output/found/www.editorandpublisher.com/https_trust.txt.txt,text/plain;charset=UTF-8
2026-01-26T19:14:07+00:00,www.fbnewsleader.com,https,/.well-known/trust.txt,200,965,ad32cf39390a657d7e43190d6d67ffddf99ddfcbcaa55efe05b2f2c044102f26,/root/trusttxt-env/crawler/output/found/www.fbnewsleader.com/https_.well-known_trust.txt.txt,text/plain; charset=UTF-8
2026-01-26T19:16:53+00:00,www.hernandosun.com,https,/trust.txt,200,520,1e57cb42394a137e300760459813b518861f4564d9a68ea23f4d64fa23496a16,/root/trusttxt-env/crawler/output/found/www.hernandosun.com/https_trust.txt.txt,text/plain;charset=UTF-8
2026-01-26T19:18:40+00:00,www.lakecityreporter.com,https,/.well-known/trust.txt,200,808,14e99f335b8ea0c92ee857bfb20d04d0a861c530a88c6b9be4b688fb19959417,/root/trusttxt-env/crawler/output/found/www.lakecityreporter.com/https_.well-known_trust.txt.txt,text/plain; charset=UTF-8
2026-01-26T19:20:23+00:00,www.miaminewtimes.com,https,/trust.txt,200,423,3c1eb719dae531ae4a2f8b0b189a0dc03d07c8229c8330b2ce008e49d2e40c86,/root/trusttxt-env/crawler/output/found/www.miaminewtimes.com/https_trust.txt.txt,text/plain;charset=utf-8
2026-01-26T19:20:59+00:00,www.nassaucountyrecord.com,https,/.well-known/trust.txt,200,921,2026990d30a2e10340ae3c8387d5998bc8eb76669cf5fba66f148de9d7e6bcb0,/root/trusttxt-env/crawler/output/found/www.nassaucountyrecord.com/https_.well-known_trust.txt.txt,text/plain; charset=UTF-8
2026-01-26T19:22:25+00:00,www.orlando-times.com,https,/.well-known/trust.txt,200,114,6dc9c7fc93bb488bb0520a6c780a8d3c0fb5486a4711aca49b4c53fac7393023,/root/trusttxt-env/crawler/output/found/www.orlando-times.com/https_.well-known_trust.txt.txt,text/html
2026-01-26T19:22:37+00:00,www.orlandosentinel.com,https,/trust.txt,200,223,65d6b4a7f37f05c802b18679b62ac71df531e1418944ab90ac511b2929a6c6e2,/root/trusttxt-env/crawler/output/found/www.orlandosentinel.com/https_trust.txt.txt,text/plain;charset=utf-8
2026-01-26T19:22:49+00:00,www.palatkadailynews.com,https,/.well-known/trust.txt,200,959,368736c7c5430339aaed361b6c19295f94baf51e6a01a02d93681ae33af48193,/root/trusttxt-env/crawler/output/found/www.palatkadailynews.com/https_.well-known_trust.txt.txt,text/plain; charset=UTF-8
2026-01-26T19:34:11+00:00,coloradofoic.org,https,/trust.txt,200,1708,c6fc054ccc6ff3f158285ffe831c13a98e6e4b30806bbb98d0bbc0a016b26281,/root/trusttxt-env/crawler/output/found/coloradofoic.org/https_trust.txt.txt,text/plain;charset=UTF-8
2026-01-26T19:34:31+00:00,coloradopressassociation.com,https,/trust.txt,200,6050,12fd78fab145fa4930ea5351442aff15288cacc91e624b0cd42ed143acc7e0ac,/root/trusttxt-env/crawler/output/found/coloradopressassociation.com/https_trust.txt.txt,text/plain;charset=UTF-8
2026-01-26T19:36:15+00:00,cvindependent.com,https,/trust.txt,200,425,08b94ae62b5e1af2e0adc268d2502775d7f92183a4759c923f8d6a902914697d,/root/trusttxt-env/crawler/output/found/cvindependent.com/https_trust.txt.txt,text/plain;charset=utf-8
2026-01-26T19:36:46+00:00,delcomag.com,https,/.well-known/trust.txt,200,114,6dc9c7fc93bb488bb0520a6c780a8d3c0fb5486a4711aca49b4c53fac7393023,/root/trusttxt-env/crawler/output/found/delcomag.com/https_.well-known_trust.txt.txt,text/html
2026-01-26T19:42:51+00:00,hbsp.harvard.edu,https,/.well-known/trust.txt,200,5177,5b7e99c1780a7e27878ec8fa8f46bed088a32725f43bd3886a694a0564dbe22a,/root/trusttxt-env/crawler/output/found/hbsp.harvard.edu/https_.well-known_trust.txt.txt,text/html
2026-01-26T19:43:22+00:00,iptc.org,https,/trust.txt,200,2987,a82f1d24811ab473b2e0da692bdde179b21ac9bf08796969409157e03da8ba62,/root/trusttxt-env/crawler/output/found/iptc.org/https_trust.txt.txt,text/plain
2026-01-26T19:44:31+00:00,lagniappe.com,https,/.well-known/trust.txt,200,1070,531f7f29e48861c25a372928af1f9f6efdf05f66eede45fbca8df0adc8a6e573,/root/trusttxt-env/crawler/output/found/lagniappe.com/https_.well-known_trust.txt.txt,text/html; charset=utf-8
2026-01-26T19:56:37+00:00,southplatteindependent.net,https,/.well-known/trust.txt,200,114,6dc9c7fc93bb488bb0520a6c780a8d3c0fb5486a4711aca49b4c53fac7393023,/root/trusttxt-env/crawler/output/found/southplatteindependent.net/https_.well-known_trust.txt.txt,text/html
2026-01-26T20:02:02+00:00,triad-city-beat.com,https,/trust.txt,200,520,0708d8ddbae3350d4e9cd44fc2db421c20b37800bd26375bb350c5926f6534f2,/root/trusttxt-env/crawler/output/found/triad-city-beat.com/https_trust.txt.txt,text/plain;charset=UTF-8
2026-01-26T20:07:14+00:00,www.aan.org,https,/trust.txt,200,3525,badb0260517208a8aefa891261fe0d390ef7485590c1888a137894671d1f0c2b,/root/trusttxt-env/crawler/output/found/www.aan.org/https_trust.txt.txt,text/plain;charset=UTF-8
2026-01-26T20:08:49+00:00,www.acmpress.org,https,/trust.txt,200,487,aa07234905bead5eec6cd9eb7bfbd70fb05392a3e6546459ddc54c33f9cfa0db,/root/trusttxt-env/crawler/output/found/www.acmpress.org/https_trust.txt.txt,text/html; charset=utf-8
2026-01-26T20:12:50+00:00,www.akronnewsreporter.com,https,/trust.txt,200,227,459f3639fe768bad0a2c42e277b999cd7cdf13effa494e9671b7cb2712fcbcae,/root/trusttxt-env/crawler/output/found/www.akronnewsreporter.com/https_trust.txt.txt,text/plain;charset=utf-8
2026-01-26T20:14:56+00:00,www.allennewspaper.com,https,/.well-known/trust.txt,200,807,f6209fb0e000b22604e8d9128a1b0b2c6b6800962dbe114fb9d71a0b4fd20ca1,/root/trusttxt-env/crawler/output/found/www.allennewspaper.com/https_.well-known_trust.txt.txt,text/plain; charset=UTF-8
2026-01-26T20:15:16+00:00,www.alpineavalanche.com,https,/.well-known/trust.txt,200,863,67571b0f08d5edd925bc779f61bbbe8163527bca8c9bbc35ee5166359f44b76b,/root/trusttxt-env/crawler/output/found/www.alpineavalanche.com/https_.well-known_trust.txt.txt,text/plain; charset=UTF-8
2026-01-26T20:16:57+00:00,www.ameliamonitor.com,https,/trust.txt,200,826,724d0bdfaed39e603a7484dcfc014da76aae195d726f2be23e4b35b38d0bd977,/root/trusttxt-env/crawler/output/found/www.ameliamonitor.com/https_trust.txt.txt,text/plain;charset=UTF-8
2026-01-26T20:18:04+00:00,www.andrewscountynews.com,https,/.well-known/trust.txt,200,614,261ae136715c1d9a7aa15f3d64eadca4942070f5c3a3290b3520d9eea4a30590,/root/trusttxt-env/crawler/output/found/www.andrewscountynews.com/https_.well-known_trust.txt.txt,text/plain;charset=UTF-8
2026-01-26T20:18:09+00:00,www.anjournal.com,https,/.well-known/trust.txt,200,832,ae1f0a197e15e23c8ff9687e5ba2ae260e34d47750e55cf91152bc144fa9fdeb,/root/trusttxt-env/crawler/output/found/www.anjournal.com/https_.well-known_trust.txt.txt,text/plain;charset=UTF-8
2026-01-26T20:18:23+00:00,www.aopa.org,https,/.well-known/trust.txt,200,125249,847facd82fef02cd9f0ab03dc79571f63461c7cd673a3bca0a0b245ba5043060,/root/trusttxt-env/crawler/output/found/www.aopa.org/https_.well-known_trust.txt.txt,text/html; charset=utf-8
2026-01-26T20:19:29+00:00,www.archercountynews.com,https,/.well-known/trust.txt,200,941,2040ea6d9271c1f5e3e4ddaedd2f4530f8443dc58c4372f98cb63c2f9c268d20,/root/trusttxt-env/crawler/output/found/www.archercountynews.com/https_.well-known_trust.txt.txt,text/plain; charset=UTF-8
2026-01-26T20:23:52+00:00,www.austinchronicle.com,https,/.well-known/trust.txt,200,1222,5b63d239065ee714957971e88a56b77d6cd00eb42d3dbc11ad8414f8d137ed66,/root/trusttxt-env/crawler/output/found/www.austinchronicle.com/https_.well-known_trust.txt.txt,text/plain;charset=utf-8
2026-01-26T20:26:34+00:00,www.baltimoresun.com,https,/trust.txt,200,217,823806d5087bc6aacebe04ef069a54e28ecb92560a5bce527e7b66a09424bf8f,/root/trusttxt-env/crawler/output/found/www.baltimoresun.com/https_trust.txt.txt,text/plain;charset=utf-8
2026-01-26T20:28:53+00:00,www.bayareaobserver.com,https,/.well-known/trust.txt,200,114,6dc9c7fc93bb488bb0520a6c780a8d3c0fb5486a4711aca49b4c53fac7393023,/root/trusttxt-env/crawler/output/found/www.bayareaobserver.com/https_.well-known_trust.txt.txt,text/html
2026-01-26T20:29:56+00:00,www.bctribune.com,https,/.well-known/trust.txt,200,1091,5b2db27f9fb835599fdb24828f7ad27f18f9b4616e628817c700a1cbb41642be,/root/trusttxt-env/crawler/output/found/www.bctribune.com/https_.well-known_trust.txt.txt,text/plain; charset=UTF-8
2026-01-26T20:31:46+00:00,www.bendsource.com,https,/.well-known/trust.txt,200,512,f0259511b0f30087d061228b924732c8b5b2df2d63ff40f5ad905c1cb1329208,/root/trusttxt-env/crawler/output/found/www.bendsource.com/https_.well-known_trust.txt.txt,text/plain;charset=utf-8
2026-01-26T20:32:06+00:00,www.bestsreview.com,https,/.well-known/trust.txt,200,1,01ba4719c80b6fe911b091a7c05124b64eeece964e09c058ef8f9805daca546b,/root/trusttxt-env/crawler/output/found/www.bestsreview.com/https_.well-known_trust.txt.txt,text/html
2026-01-26T20:33:31+00:00,www.billtrack50.com,https,/trust.txt,200,345,c8109040b536e897c567b0c87005404ef788a8753079220c9068dfc3cfa8eb15,/root/trusttxt-env/crawler/output/found/www.billtrack50.com/https_trust.txt.txt,text/plain
2026-01-26T20:38:36+00:00,www.bostonherald.com,https,/trust.txt,200,217,a22ea9c80c843b21850e95ef37ffa503fb17956699cdcf38e4f5864788aff7b4,/root/trusttxt-env/crawler/output/found/www.bostonherald.com/https_trust.txt.txt,text/plain;charset=utf-8
2026-01-26T20:39:44+00:00,www.breckenridgeamerican.com,https,/.well-known/trust.txt,200,912,9f3471fc8fe4c81cea7ea9f4944da0d7d82668f3d880d83aa26164aad5d76e10,/root/trusttxt-env/crawler/output/found/www.breckenridgeamerican.com/https_.well-known_trust.txt.txt,text/plain; charset=UTF-8
2026-01-26T20:40:32+00:00,www.bristownews.com,https,/.well-known/trust.txt,200,837,99bba756092a6d40384de1ba520c61d6226aa6db679c84924b52e30f431f06f1,/root/trusttxt-env/crawler/output/found/www.bristownews.com/https_.well-known_trust.txt.txt,text/plain; charset=UTF-8
2026-01-26T20:41:02+00:00,www.broomfieldenterprise.com,https,/trust.txt,200,233,0fb6a0446b0ad88cb7b7b220f44de32852adbcf8a3c1e79dab7e1351f583f1a3,/root/trusttxt-env/crawler/output/found/www.broomfieldenterprise.com/https_trust.txt.txt,text/plain;charset=utf-8
2026-01-26T20:43:43+00:00,www.burlington-record.com,https,/trust.txt,200,227,f225ae2c5c4c206e384d4005aca61ac854337211c69f0172d6fff34bc83f70ff,/root/trusttxt-env/crawler/output/found/www.burlington-record.com/https_trust.txt.txt,text/plain;charset=utf-8
2026-01-26T20:45:39+00:00,www.cameronherald.com,https,/.well-known/trust.txt,200,882,f1a26a2bc156e5b2c88fb0efd8587606f851c94ed98d1eba6307c7a9329ea86c,/root/trusttxt-env/crawler/output/found/www.cameronherald.com/https_.well-known_trust.txt.txt,text/plain;charset=UTF-8
2026-01-26T20:45:43+00:00,www.campcountynow.com,https,/.well-known/trust.txt,200,434,60b45378f499149aed9c5390a71c0c08ee18701205bfa816b9fe845be151eb94,/root/trusttxt-env/crawler/output/found/www.campcountynow.com/https_.well-known_trust.txt.txt,text/plain;charset=UTF-8
2026-01-26T20:47:02+00:00,www.canadianrecord.com,https,/.well-known/trust.txt,200,997,e7d983126025911c10853cd9066b04bd7a075f5fe6b191cf32cc1fb63d186c69,/root/trusttxt-env/crawler/output/found/www.canadianrecord.com/https_.well-known_trust.txt.txt,text/plain; charset=UTF-8
2026-01-26T20:47:56+00:00,www.canoncitydailyrecord.com,https,/trust.txt,200,233,f90aac6c6b67e98eb700f83b9189c078cc895015ba2bc9b248308819987b46aa,/root/trusttxt-env/crawler/output/found/www.canoncitydailyrecord.com/https_trust.txt.txt,text/plain;charset=utf-8
2026-01-26T20:48:41+00:00,www.capitalgazette.com,https,/trust.txt,200,221,a5df5c5c283e14011b2a0552142cf169afb7762cdb24e728d475f1110dedd851,/root/trusttxt-env/crawler/output/found/www.capitalgazette.com/https_trust.txt.txt,text/plain;charset=utf-8
2026-01-26T20:48:45+00:00,www.caprockcourier.com,https,/.well-known/trust.txt,200,970,234d8d5f5cdfff28a4329c3cdb6b6e3ab12605fe1724ddaa683b235697683f13,/root/trusttxt-env/crawler/output/found/www.caprockcourier.com/https_.well-known_trust.txt.txt,text/plain; charset=UTF-8
2026-01-26T20:49:29+00:00,www.carrizospringsjavelin.com,https,/.well-known/trust.txt,200,3235,9be1318cf73d38467b2328cc6f965bcf461dd113cad6f6748156992eee83cb8c,/root/trusttxt-env/crawler/output/found/www.carrizospringsjavelin.com/https_.well-known_trust.txt.txt,text/html; charset=UTF-8
2026-01-26T20:50:03+00:00,www.casscountynow.com,https,/.well-known/trust.txt,200,1002,0527937538a163bd416e88d5b70a5f459fe784943f4b00234a0b9042b0443e6e,/root/trusttxt-env/crawler/output/found/www.casscountynow.com/https_.well-known_trust.txt.txt,text/plain;charset=UTF-8
2026-01-26T20:55:42+00:00,www.chicagotribune.com,https,/.well-known/trust.txt,200,5755,b1678b5cd33e0f940deadb4d7ce122826dcd233f12e3abc13455417c90bd901b,/root/trusttxt-env/crawler/output/found/www.chicagotribune.com/https_.well-known_trust.txt.txt,text/plain;charset=utf-8
2026-01-26T20:56:19+00:00,www.chinadaily.com.cn,https,/.well-known/trust.txt,200,6797,b0f490c7abcae2df356c00d07bdc25bb64f52955da17a4aa20ed869b78b84206,/root/trusttxt-env/crawler/output/found/www.chinadaily.com.cn/https_.well-known_trust.txt.txt,text/html
2026-01-26T20:57:03+00:00,www.chronogram.com,https,/.well-known/trust.txt,200,409,792b7f4a4f26452f9530d9aa15e23321b6ec3204d9441f3e98176b0217392c84,/root/trusttxt-env/crawler/output/found/www.chronogram.com/https_.well-known_trust.txt.txt,text/plain;charset=utf-8
2026-01-26T20:57:39+00:00,www.citizensvoice.com,https,/.well-known/trust.txt,200,5754,ea6c5553569252a8ef71a7f7978c0eb02a8a2dd04275c80c9df29015adf8f630,/root/trusttxt-env/crawler/output/found/www.citizensvoice.com/https_.well-known_trust.txt.txt,text/plain;charset=utf-8
2026-01-26T20:58:00+00:00,www.citybeat.com,https,/.well-known/trust.txt,200,438,8139a9fdc5db7ca4fff30b6cc0d3392f885dd23f28ceecd49c614443e0d5f7a6,/root/trusttxt-env/crawler/output/found/www.citybeat.com/https_.well-known_trust.txt.txt,text/plain;charset=utf-8
2026-01-26T20:59:31+00:00,www.clevescene.com,https,/.well-known/trust.txt,200,429,08c90bbeece2081f646f130c3cc8b1fb6b020bb0bdcc8b5696db715fb4a6c063,/root/trusttxt-env/crawler/output/found/www.clevescene.com/https_.well-known_trust.txt.txt,text/plain;charset=utf-8
2026-01-26T21:00:14+00:00,www.clintondailynews.com,https,/.well-known/trust.txt,200,905,779944e8db666c080cf6722651a3ca8cb63d93307296a36b321ed5ace54c8944,/root/trusttxt-env/crawler/output/found/www.clintondailynews.com/https_.well-known_trust.txt.txt,text/plain;charset=UTF-8
2026-01-26T21:00:35+00:00,www.cltampa.com,https,/.well-known/trust.txt,200,426,9d4644b39ae4f826dbd3c5c826f2c004afe9f532c53e5b1fb8885223504cb29b,/root/trusttxt-env/crawler/output/found/www.cltampa.com/https_.well-known_trust.txt.txt,text/plain;charset=utf-8
2026-01-26T21:01:53+00:00,www.coalgaterecordregister.com,https,/.well-known/trust.txt,200,908,d487ef19949295a2c6f6f51ac1a93184e66afb59cf894ef523053e353ee6a21b,/root/trusttxt-env/crawler/output/found/www.coalgaterecordregister.com/https_.well-known_trust.txt.txt,text/plain; charset=UTF-8
2026-01-26T21:02:05+00:00,www.colabnews.co,https,/trust.txt,200,6650,c2eaa8bb3e05bce9a1ab7d8e1ee881e16a1728b049063e5585cf7345903d4fd4,/root/trusttxt-env/crawler/output/found/www.colabnews.co/https_trust.txt.txt,text/plain;charset=UTF-8
2026-01-26T21:03:05+00:00,www.coloradodaily.com,https,/trust.txt,200,219,ab9d5d48ac11a749c464296e0a9454b9917472a5aed6b60c1d7f3d6272d830f0,/root/trusttxt-env/crawler/output/found/www.coloradodaily.com/https_trust.txt.txt,text/plain;charset=utf-8
2026-01-26T21:03:10+00:00,www.coloradofoic.org,https,/trust.txt,200,1708,c6fc054ccc6ff3f158285ffe831c13a98e6e4b30806bbb98d0bbc0a016b26281,/root/trusttxt-env/crawler/output/found/www.coloradofoic.org/https_trust.txt.txt,text/plain;charset=UTF-8
2026-01-26T21:03:13+00:00,www.coloradohometownweekly.com,https,/trust.txt,200,237,bb184678ac0748a1319f5daca99a7dcf9f3259e5c7e6eda0b06d51c6447ca151,/root/trusttxt-env/crawler/output/found/www.coloradohometownweekly.com/https_trust.txt.txt,text/plain;charset=utf-8
2026-01-26T21:03:35+00:00,www.coloradopressassociation.com,https,/trust.txt,200,6050,12fd78fab145fa4930ea5351442aff15288cacc91e624b0cd42ed143acc7e0ac,/root/trusttxt-env/crawler/output/found/www.coloradopressassociation.com/https_trust.txt.txt,text/plain;charset=UTF-8
2026-01-26T21:07:43+00:00,www.cordellbeacon.com,https,/.well-known/trust.txt,200,1042,564bfe6af3c70c55c3f9699ee974f28113645a725a04a12aaebd517d830eb652,/root/trusttxt-env/crawler/output/found/www.cordellbeacon.com/https_.well-known_trust.txt.txt,text/plain; charset=UTF-8
2026-01-26T21:08:35+00:00,www.countystarnews.com,https,/.well-known/trust.txt,200,255,9486ca5ddad294f47f8226fe18090c2f1ac88afcef9f9b5c763943d36c5bfc03,/root/trusttxt-env/crawler/output/found/www.countystarnews.com/https_.well-known_trust.txt.txt,text/plain; charset=UTF-8
2026-01-26T21:08:39+00:00,www.countywidenews.com,https,/.well-known/trust.txt,200,924,e89aff6ae3e67fef39e769ea3df60ea89fce24ae3b219f31c48465acf0d998d7,/root/trusttxt-env/crawler/output/found/www.countywidenews.com/https_.well-known_trust.txt.txt,text/plain; charset=UTF-8
2026-01-26T21:08:44+00:00,www.courant.com,https,/trust.txt,200,207,3f6cea7b6c764b7468d0abd5a44032220b86369199a34295de2a4e5a92428bbc,/root/trusttxt-env/crawler/output/found/www.courant.com/https_trust.txt.txt,text/plain;charset=utf-8
2026-01-26T21:08:56+00:00,www.courier-record.com,https,/trust.txt,200,835,ab9e8afc0b694f1b08a1f7cd857739ed931c2dc199e768e42c043650d4d2ba8e,/root/trusttxt-env/crawler/output/found/www.courier-record.com/https_trust.txt.txt,text/plain;charset=UTF-8
2026-01-26T21:12:14+00:00,www.dailycamera.com,https,/trust.txt,200,215,c49a3aadf05f1102317e64b2b93b16525a0443967f01d207b8703cf989b9c0a3,/root/trusttxt-env/crawler/output/found/www.dailycamera.com/https_trust.txt.txt,text/plain;charset=utf-8
2026-01-26T21:14:16+00:00,www.dailyfreeman.com,https,/trust.txt,200,217,d7e29090661ab97fd4fa0ce1c1ddd1f94b15cb417966ed8ed395e15ca67b5d61,/root/trusttxt-env/crawler/output/found/www.dailyfreeman.com/https_trust.txt.txt,text/plain;charset=utf-8
2026-01-26T21:14:28+00:00,www.dailylocal.com,https,/trust.txt,200,213,435db12a8ebe38485d1d7e05e4a6f8998bf5467d0ef896906deb3b2ced0530b0,/root/trusttxt-env/crawler/output/found/www.dailylocal.com/https_trust.txt.txt,text/plain;charset=utf-8
2026-01-26T21:14:32+00:00,www.dailypress.com,https,/trust.txt,200,213,fc0f6113770685e2823e6617670672419a5ab8173474e1679baaf10b036e2a55,/root/trusttxt-env/crawler/output/found/www.dailypress.com/https_trust.txt.txt,text/plain;charset=utf-8
2026-01-26T21:15:48+00:00,www.dallasobserver.com,https,/trust.txt,200,428,f56c02530c91b5947d051036e57788c5684d9faf44d050cb2e702b57ca6d81e1,/root/trusttxt-env/crawler/output/found/www.dallasobserver.com/https_trust.txt.txt,text/plain;charset=utf-8
2026-01-26T21:18:13+00:00,www.delcotimes.com,https,/trust.txt,200,213,6086b34cb3fa842bc373b6b3c7acb25d6e05bf2bb30e09a7ec412382ca416e62,/root/trusttxt-env/crawler/output/found/www.delcotimes.com/https_trust.txt.txt,text/plain;charset=utf-8
2026-01-26T21:19:55+00:00,www.denverpost.com,https,/trust.txt,200,213,3ad54fdc814a5b6fe28067fa8e4539e32cffc2f8a30cb66aec269b5eeb2750c5,/root/trusttxt-env/crawler/output/found/www.denverpost.com/https_trust.txt.txt,text/plain;charset=utf-8
2026-01-26T21:21:49+00:00,www.digitalcontentnext.org,https,/trust.txt,200,2163,97c0a12151e00bbf3f14c268f27843d155fd823402e459c09aaebba720933151,/root/trusttxt-env/crawler/output/found/www.digitalcontentnext.org/https_trust.txt.txt,text/plain;charset=UTF-8
2026-01-26T21:22:41+00:00,www.doublemountainchronicle.com,https,/.well-known/trust.txt,200,1005,65f98c1213885bd47e10406f0829053a42275e541688a2f5870c890f3d238906,/root/trusttxt-env/crawler/output/found/www.doublemountainchronicle.com/https_.well-known_trust.txt.txt,text/plain; charset=UTF-8
2026-01-26T21:24:41+00:00,www.dublincitizen.com,https,/.well-known/trust.txt,200,893,160a4612bed2044cc1d8083324a1ff30147adfad09af7792f92c26a577f0c751,/root/trusttxt-env/crawler/output/found/www.dublincitizen.com/https_.well-known_trust.txt.txt,text/plain; charset=UTF-8
2026-01-26T21:25:10+00:00,www.durangotelegraph.com,https,/.well-known/trust.txt,200,56387,674ae0ac7bf103416431a68a387376b2fcd412a196d1798254d0510e712ff99c,/root/trusttxt-env/crawler/output/found/www.durangotelegraph.com/https_.well-known_trust.txt.txt,text/html;charset=UTF-8
2026-01-26T21:27:10+00:00,www.edenecho.net,https,/.well-known/trust.txt,200,425,a643afe1cc8483faf8d40db0aa59bfbfe3737c912888054df5457688d56e8cc8,/root/trusttxt-env/crawler/output/found/www.edenecho.net/https_.well-known_trust.txt.txt,text/plain; charset=UTF-8
2026-01-26T21:32:19+00:00,www.emporiaindependentmessenger.com,https,/.well-known/trust.txt,200,114,6dc9c7fc93bb488bb0520a6c780a8d3c0fb5486a4711aca49b4c53fac7393023,/root/trusttxt-env/crawler/output/found/www.emporiaindependentmessenger.com/https_.well-known_trust.txt.txt,text/html
2026-01-26T21:32:31+00:00,www.ennisdailynews.com,https,/.well-known/trust.txt,200,575,9994d64a8e5a9946f121d1fc332926b41986da5d34fa945106c22a3dbc0a2a50,/root/trusttxt-env/crawler/output/found/www.ennisdailynews.com/https_.well-known_trust.txt.txt,text/plain;charset=UTF-8
2026-01-26T21:33:16+00:00,www.eptrail.com,https,/trust.txt,200,207,639281f21e3b0a2e3f1e0f9ef2ab85119a84ee05845728e9657985ff13313552,/root/trusttxt-env/crawler/output/found/www.eptrail.com/https_trust.txt.txt,text/plain;charset=utf-8
2026-01-26T21:33:28+00:00,www.eriereader.com,https,/.well-known/trust.txt,200,48273,589c085e335972bb9048439591252049d4f0fcdb90847eafdf147bd70246ab86,/root/trusttxt-env/crawler/output/found/www.eriereader.com/https_.well-known_trust.txt.txt,text/html; charset=UTF-8
2026-01-26T21:35:33+00:00,www.excelsiorspringsstandard.com,https,/.well-known/trust.txt,200,702,714db6723d26043ba8f27d1f209105cfe175811881009e8bec67ecbf50ca7525,/root/trusttxt-env/crawler/output/found/www.excelsiorspringsstandard.com/https_.well-known_trust.txt.txt,text/plain; charset=UTF-8
2026-01-26T21:36:19+00:00,www.facilitiesnet.com,https,/.well-known/trust.txt,200,11709,a1dcbbb6621dbbf2ab6ac49fe58d037cc3fc948f153272199e5e81da5f7e116b,/root/trusttxt-env/crawler/output/found/www.facilitiesnet.com/https_.well-known_trust.txt.txt,text/html
2026-01-26T21:38:22+00:00,www.fayettecountyrecord.com,https,/.well-known/trust.txt,200,1093,42a8975b93befd6eccc2307698eafa1a1e57530635be71bd625a80dd587f08a9,/root/trusttxt-env/crawler/output/found/www.fayettecountyrecord.com/https_.well-known_trust.txt.txt,text/plain; charset=UTF-8
2026-01-26T21:41:03+00:00,www.flpress.com,https,/trust.txt,200,4904,ee714d22ecd69ba0cde2eaa4a8d6650e6d70017781225db2ebe1a4b3866fc80c,/root/trusttxt-env/crawler/output/found/www.flpress.com/https_trust.txt.txt,text/plain;charset=UTF-8
2026-01-26T21:42:38+00:00,www.fortmorgantimes.com,https,/trust.txt,200,223,5a6f60f0662f18735a9afc2ec8e55384c562c70e1a67ba68ae54f3873c39c934,/root/trusttxt-env/crawler/output/found/www.fortmorgantimes.com/https_trust.txt.txt,text/plain;charset=utf-8
2026-01-26T21:50:31+00:00,www.gibs.co.za,https,/.well-known/trust.txt,200,21238,d3b70998c6456a241cd6ae3e0ce265400220eca299c6f97e650848f2c2eb4729,/root/trusttxt-env/crawler/output/found/www.gibs.co.za/https_.well-known_trust.txt.txt,text/html; charset=utf-8
2026-01-26T21:50:35+00:00,www.gic.mn,https,/.well-known/trust.txt,200,370,9b9ff2f178c8689e4e330cc65286d85866f4af88c3e5555691a454187cb1ed81,/root/trusttxt-env/crawler/output/found/www.gic.mn/https_.well-known_trust.txt.txt,text/html; charset=UTF-8
2026-01-26T21:50:48+00:00,www.giddingstimes.com,https,/.well-known/trust.txt,200,791,1acdaac366374ec3f4e68f1f83e6cee9c1846c052f808f555ce2caaf806d5d2b,/root/trusttxt-env/crawler/output/found/www.giddingstimes.com/https_.well-known_trust.txt.txt,text/plain; charset=UTF-8
2026-01-26T21:51:00+00:00,www.gilmermirror.com,https,/.well-known/trust.txt,200,850,61518911851141bd6d8a8b149af4830cefc033a4822aa83121fab004dd8a8fda,/root/trusttxt-env/crawler/output/found/www.gilmermirror.com/https_.well-known_trust.txt.txt,text/plain
2026-01-26T21:53:01+00:00,www.goldthwaiteeagle.com,https,/.well-known/trust.txt,200,911,2ab1f9e81600cbc94c78547a96dc4bfc34708e1243f6aeb6655eded421cb6907,/root/trusttxt-env/crawler/output/found/www.goldthwaiteeagle.com/https_.well-known_trust.txt.txt,text/plain
2026-01-26T21:54:01+00:00,www.grahamleader.com,https,/.well-known/trust.txt,200,956,8405cb5c7367b5af85439034e5cc27bf05f7276a24b8c3f286c9fa2734c10830,/root/trusttxt-env/crawler/output/found/www.grahamleader.com/https_.well-known_trust.txt.txt,text/plain; charset=UTF-8
2026-01-26T21:54:58+00:00,www.greeleytribune.com,https,/trust.txt,200,221,7c0e4b072b72a62f77a63255292b9203e5bb7ebe3d18b3d8390e65f92bf481f2,/root/trusttxt-env/crawler/output/found/www.greeleytribune.com/https_trust.txt.txt,text/plain;charset=utf-8
2026-01-26T21:55:09+00:00,www.greenhornvalleyview.com,https,/.well-known/trust.txt,200,849,ae25926d6af3899ec4004fffcf57ef5e33b04d56a1d4fb1b9cc4f7d6c953b5bf,/root/trusttxt-env/crawler/output/found/www.greenhornvalleyview.com/https_.well-known_trust.txt.txt,text/plain; charset=UTF-8
2026-01-26T21:55:29+00:00,www.groesbeckjournal.com,https,/.well-known/trust.txt,200,824,8e9ee33459df5dc1ae533ce000825ab8f859463b6e0a526867b2deff622a5fd9,/root/trusttxt-env/crawler/output/found/www.groesbeckjournal.com/https_.well-known_trust.txt.txt,text/plain;charset=UTF-8
2026-01-26T21:56:23+00:00,www.guthrienewsleader.net,https,/.well-known/trust.txt,200,953,289470151e942ea8b2b531b530531bf54d682a8530fcc318042e615d027b3369,/root/trusttxt-env/crawler/output/found/www.guthrienewsleader.net/https_.well-known_trust.txt.txt,text/plain; charset=UTF-8
2026-01-26T22:00:16+00:00,www.hemmings.com,https,/.well-known/trust.txt,200,1228,138bcfc97d49bedae94a47fa371b7523fd9d51c17212978bc452d36b08370720,/root/trusttxt-env/crawler/output/found/www.hemmings.com/https_.well-known_trust.txt.txt,text/plain; charset=UTF-8
2026-01-26T22:05:04+00:00,www.hesperianbeacononline.com,https,/.well-known/trust.txt,200,881,565becfee7be440cf582ea7e7ab76f3b96d43864708eea0df482f35fb408f419,/root/trusttxt-env/crawler/output/found/www.hesperianbeacononline.com/https_.well-known_trust.txt.txt,text/plain; charset=UTF-8
2026-01-26T22:05:39+00:00,www.highlandscurrent.org,https,/.well-known/trust.txt,200,734,0e16b37fa0e6e613b0d0f60f9cfeb9d7b254502f6b8badb72414d2268c4d97d5,/root/trusttxt-env/crawler/output/found/www.highlandscurrent.org/https_.well-known_trust.txt.txt,text/plain;charset=UTF-8
2026-01-26T22:08:26+00:00,www.houstonpress.com,https,/.well-known/trust.txt,200,410,849ffd512df0d839e9f1269778fd91b6d8a25789ceef44a4fd37c60a9b01f5cc,/root/trusttxt-env/crawler/output/found/www.houstonpress.com/https_.well-known_trust.txt.txt,text/plain;charset=utf-8
2026-01-26T22:09:23+00:00,www.hughescountytribune.com,https,/.well-known/trust.txt,200,756,13fe45bf7e00f53705ae46939fd0e449853848eafcfd8e016a5079a1bdcb5664,/root/trusttxt-env/crawler/output/found/www.hughescountytribune.com/https_.well-known_trust.txt.txt,text/plain; charset=UTF-8
2026-01-26T22:12:17+00:00,www.illinoistimes.com,https,/.well-known/trust.txt,200,428,99dcf1d3d10b36e621df40184c53ef2abc74b44fb116bb638641d0131033edfa,/root/trusttxt-env/crawler/output/found/www.illinoistimes.com/https_.well-known_trust.txt.txt,text/plain;charset=utf-8
2026-01-26T22:12:36+00:00,www.impressorg.com,https,/.well-known/trust.txt,200,8267,d99e5c13c7aa418ff01f7dbccfb5c73b45f48344ea9cc79e011cb23bb54ce8bd,/root/trusttxt-env/crawler/output/found/www.impressorg.com/https_.well-known_trust.txt.txt,text/plain
2026-01-27T14:32:41+00:00,aan.org,https,/trust.txt,200,3525,badb0260517208a8aefa891261fe0d390ef7485590c1888a137894671d1f0c2b,/root/trusttxt-env/crawler/output/found/aan.org/https_trust.txt.txt,text/plain;charset=UTF-8
2026-01-27T14:33:57+00:00,advertising.eriereader.com,https,/.well-known/trust.txt,200,34440,d61fe7b75fe3cab3800eda4e6c2e38ac7c74c921427250a116f2a02245f3c8dd,/root/trusttxt-env/crawler/output/found/advertising.eriereader.com/https_.well-known_trust.txt.txt,text/html; charset=UTF-8
2026-01-27T14:34:02+00:00,akronnewsreporter.com,https,/trust.txt,200,227,459f3639fe768bad0a2c42e277b999cd7cdf13effa494e9671b7cb2712fcbcae,/root/trusttxt-env/crawler/output/found/akronnewsreporter.com/https_trust.txt.txt,text/plain;charset=utf-8
2026-01-27T14:34:54+00:00,aopa.org,https,/.well-known/trust.txt,200,125243,a369559d14334ee5f9a134df45e3f4d1dfdd0a9b205e5a3d6e3c8ad4f6de190c,/root/trusttxt-env/crawler/output/found/aopa.org/https_.well-known_trust.txt.txt,text/html; charset=utf-8
2026-01-27T14:36:02+00:00,apnews.com,https,/trust.txt,200,94,5a5da481dccfff0287b72c3a0795c61847fd56ceea831495df781fbf1c24aab9,/root/trusttxt-env/crawler/output/found/apnews.com/https_trust.txt.txt,text/plain;charset=UTF-8
2026-01-27T15:20:11+00:00,carrizospringsjavelin.com,https,/.well-known/trust.txt,200,3171,646d0dc8fa147397a3ca32ac7c52f8f81f19db8d93ae34cb3dbd3f2efaa71d57,/root/trusttxt-env/crawler/output/found/carrizospringsjavelin.com/https_.well-known_trust.txt.txt,text/html; charset=UTF-8
2026-01-27T15:25:24+00:00,colabnews.co,https,/trust.txt,200,6650,c2eaa8bb3e05bce9a1ab7d8e1ee881e16a1728b049063e5585cf7345903d4fd4,/root/trusttxt-env/crawler/output/found/colabnews.co/https_trust.txt.txt,text/plain;charset=UTF-8
2026-01-27T15:32:36+00:00,css.ewsapi.com,https,/.well-known/trust.txt,200,1,36a9e7f1c95b82ffb99743e0c5c4ce95d83c9a430aac59f84ef3cbfab6145068,/root/trusttxt-env/crawler/output/found/css.ewsapi.com/https_.well-known_trust.txt.txt,text/html; charset=UTF-8
2026-01-27T16:04:21+00:00,gfmd.info,https,/trust.txt,200,6417,4c36da27534d72ca80b3cea08095a59dfc2239da1ef081254a9d198623466cca,/root/trusttxt-env/crawler/output/found/gfmd.info/https_trust.txt.txt,text/plain;charset=UTF-8
2026-01-27T16:10:15+00:00,highlandscurrent.org,https,/.well-known/trust.txt,200,734,0e16b37fa0e6e613b0d0f60f9cfeb9d7b254502f6b8badb72414d2268c4d97d5,/root/trusttxt-env/crawler/output/found/highlandscurrent.org/https_.well-known_trust.txt.txt,text/plain;charset=UTF-8
2026-01-27T16:17:49+00:00,js.ewsapi.com,https,/.well-known/trust.txt,200,1,36a9e7f1c95b82ffb99743e0c5c4ce95d83c9a430aac59f84ef3cbfab6145068,/root/trusttxt-env/crawler/output/found/js.ewsapi.com/https_.well-known_trust.txt.txt,text/html; charset=UTF-8
2026-01-27T16:34:38+00:00,newsroom.ap.org,https,/.well-known/trust.txt,200,42245,9457545755ca10b5db1a6d7fa25f850cce4a86c8850ce408b39551ea8a0624fe,/root/trusttxt-env/crawler/output/found/newsroom.ap.org/https_.well-known_trust.txt.txt,text/html
2026-01-27T16:36:20+00:00,nynewspapers.com,https,/.well-known/trust.txt,200,120341,e75a96f1a697cbd2fe6eccdb2f4e1a5a16b1fbaee223e1a684cbfc0ad0489f6c,/root/trusttxt-env/crawler/output/found/nynewspapers.com/https_.well-known_trust.txt.txt,text/html; charset=UTF-8
2026-01-27T16:44:53+00:00,publishwithfoundation.com,https,/trust.txt,200,1942,46f50962fdb3b99366432e14068c6d7feb9e7c658fbbb89f71ce48dc0cee061e,/root/trusttxt-env/crawler/output/found/publishwithfoundation.com/https_trust.txt.txt,text/plain
2026-01-27T17:18:13+00:00,www.eppyawards.com,https,/trust.txt,200,285,e79f853d5cd50466c80526fe04d8f644885f60638528ac8e6e63958fa5fd6e8f,/root/trusttxt-env/crawler/output/found/www.eppyawards.com/https_trust.txt.txt,text/plain;charset=UTF-8
2026-01-27T17:23:35+00:00,www.iptc.org,https,/trust.txt,200,2987,a82f1d24811ab473b2e0da692bdde179b21ac9bf08796969409157e03da8ba62,/root/trusttxt-env/crawler/output/found/www.iptc.org/https_trust.txt.txt,text/plain
2026-01-27T17:25:53+00:00,www.jacksboronewspapers.com,https,/.well-known/trust.txt,200,955,6c9021d0d923234de2f8d0c03b82227dac36cb6de3bc093cbdc1040743570666,/root/trusttxt-env/crawler/output/found/www.jacksboronewspapers.com/https_.well-known_trust.txt.txt,text/plain; charset=UTF-8
2026-01-27T17:26:13+00:00,www.jacksonfreepress.com,https,/trust.txt,200,491,781356a1280a93a654277764efc302bd7ddb670533d59aff51a350331ce984f5,/root/trusttxt-env/crawler/output/found/www.jacksonfreepress.com/https_trust.txt.txt,text/plain
2026-01-27T17:29:03+00:00,www.journallist.net,https,/.well-known/trust.txt,200,98672,1ce0a8125a358eb4ebab8ef28ef28432fb21407f209ce5f54e4a38e5e6785f87,/root/trusttxt-env/crawler/output/found/www.journallist.net/https_.well-known_trust.txt.txt,text/plain;charset=UTF-8
2026-01-27T17:32:31+00:00,www.kaufmanherald.com,https,/.well-known/trust.txt,200,469,2b7e5092e8bb680beed467eae14ba732a9ee7d2c0274b3de38627f8e6f883eeb,/root/trusttxt-env/crawler/output/found/www.kaufmanherald.com/https_.well-known_trust.txt.txt,text/plain; charset=UTF-8
2026-01-27T17:40:03+00:00,www.lambcountyleadernews.com,https,/.well-known/trust.txt,200,921,36c7ae23e451fdbc7b8da3b6c5c5562b2740eb07a76fea4ce69d882c88c87b0a,/root/trusttxt-env/crawler/output/found/www.lambcountyleadernews.com/https_.well-known_trust.txt.txt,text/plain; charset=UTF-8
2026-01-27T17:40:07+00:00,www.lampasasdispatchrecord.com,https,/.well-known/trust.txt,200,897,eeeaa358e638e85a6bbebddaeedbb2e8d775b9ebd93e2b5f3b59823977486b55,/root/trusttxt-env/crawler/output/found/www.lampasasdispatchrecord.com/https_.well-known_trust.txt.txt,text/plain; charset=UTF-8
2026-01-27T17:41:24+00:00,www.lavacacountytoday.com,https,/.well-known/trust.txt,200,819,175d987eaf1659b0cc0dc6d74b57af4d4ba53b3869a3af86cdd56ce4449da42b,/root/trusttxt-env/crawler/output/found/www.lavacacountytoday.com/https_.well-known_trust.txt.txt,text/plain; charset=UTF-8
2026-01-27T17:41:29+00:00,www.lavernianews.com,https,/trust.txt,200,1094,4ec40f0246abf4e169d9cef88336d13b132cd8be349043d59ed157c3454a4239,/root/trusttxt-env/crawler/output/found/www.lavernianews.com/https_trust.txt.txt,text/plain;charset=UTF-8
2026-01-27T17:42:13+00:00,www.lcnok.com,https,/.well-known/trust.txt,200,549,a69c35fb5612c3276e8d86ff64f19249c80a4afb54a63f5870d0ae4f4c8ead5e,/root/trusttxt-env/crawler/output/found/www.lcnok.com/https_.well-known_trust.txt.txt,text/plain; charset=UTF-8
2026-01-27T17:45:34+00:00,www.ledgerlcj.com,https,/.well-known/trust.txt,200,114,6dc9c7fc93bb488bb0520a6c780a8d3c0fb5486a4711aca49b4c53fac7393023,/root/trusttxt-env/crawler/output/found/www.ledgerlcj.com/https_.well-known_trust.txt.txt,text/html
2026-01-27T17:46:59+00:00,www.lexingtonleader.com,https,/.well-known/trust.txt,200,876,d82ea0ae9d851dba5edde49b6308d1e120c836af0a7e0ae58156ca41004c3183,/root/trusttxt-env/crawler/output/found/www.lexingtonleader.com/https_.well-known_trust.txt.txt,text/plain;charset=UTF-8
2026-01-27T17:49:17+00:00,www.locktheclock.net,https,/.well-known/trust.txt,200,811,592d03a9118cf83a6e7fc424952de90be33f82e03d3c57cd3eacdeb7659f4dfe,/root/trusttxt-env/crawler/output/found/www.locktheclock.net/https_.well-known_trust.txt.txt,text/plain;charset=UTF-8
2026-01-27T17:53:45+00:00,www.madillrecord.net,https,/.well-known/trust.txt,200,521,d3943016d6856b56996ff27c7920da9c1549dcda6bb101dbffb1a8574f692f33,/root/trusttxt-env/crawler/output/found/www.madillrecord.net/https_.well-known_trust.txt.txt,text/plain; charset=UTF-8
2026-01-27T17:56:43+00:00,www.marlindemocrat.com,https,/.well-known/trust.txt,200,892,97d13e8e45bfb541661a6b63f7517c9c8c08d96fb56c392c87bf79b0c1b41a92,/root/trusttxt-env/crawler/output/found/www.marlindemocrat.com/https_.well-known_trust.txt.txt,text/plain;charset=UTF-8
2026-01-27T17:58:49+00:00,www.mdedge.com,https,/.well-known/trust.txt,200,68807,572efe4260cf903c3690ff8d5eb04bffc3b6eb788cfeb32347df4a3172b45b5c,/root/trusttxt-env/crawler/output/found/www.mdedge.com/https_.well-known_trust.txt.txt,text/html; charset=utf-8
2026-01-27T18:04:05+00:00,www.metalformingmagazine.com,https,/trust.txt,200,36946,a2df4ab17a0da1772a74ee36de2d38c21e23bbcdcd179eb0e04be554eeda86d0,/root/trusttxt-env/crawler/output/found/www.metalformingmagazine.com/https_trust.txt.txt,text/html
2026-01-27T18:13:51+00:00,www.mt-vernon.com,http,/.well-known/trust.txt,200,9918,00d629c0b7446ca86fed5d6f455525265c6199afdca8e513f933e5baede870c2,/root/trusttxt-env/crawler/output/found/www.mt-vernon.com/http_.well-known_trust.txt.txt,text/html
2026-01-27T18:15:42+00:00,www.myreporternews.com,https,/.well-known/trust.txt,200,964,5702a4de9e6c57d6b1145fbf60c8810e2173e8af9d781c459f0f3917938b6b6a,/root/trusttxt-env/crawler/output/found/www.myreporternews.com/https_.well-known_trust.txt.txt,text/plain
2026-01-27T18:18:06+00:00,www.nationaldefensemagazine.org,https,/.well-known/trust.txt,200,212,d02032286070b4dd9d8fbd985a7bdca8af8edf52b89ff177db3bfcb2c8a9c43d,/root/trusttxt-env/crawler/output/found/www.nationaldefensemagazine.org/https_.well-known_trust.txt.txt,text/html
2026-01-27T18:19:47+00:00,www.networknorwich.co.uk,https,/.well-known/trust.txt,200,36672,16d4af7d99378a0f8b8413d44e0bc8bf9b4b99f4f54e34a562b3f68479e8f1f6,/root/trusttxt-env/crawler/output/found/www.networknorwich.co.uk/https_.well-known_trust.txt.txt,text/html
2026-01-27T18:27:31+00:00,www.normangeestar.com,https,/.well-known/trust.txt,200,760,c489856f27e109f308d7f764d6fa553b61ee5c3056515315ca3a6162047f07f9,/root/trusttxt-env/crawler/output/found/www.normangeestar.com/https_.well-known_trust.txt.txt,text/plain; charset=UTF-8
2026-01-27T18:34:36+00:00,www.olneyenterprise.com,https,/.well-known/trust.txt,200,462,3011d4f22d07003fbceba46dc9de1ebfc0e65088577e5bb5c54c450d297e4f79,/root/trusttxt-env/crawler/output/found/www.olneyenterprise.com/https_.well-known_trust.txt.txt,text/plain;charset=UTF-8
2026-01-27T18:44:14+00:00,www.pcpatriot.com,https,/.well-known/trust.txt,200,710,4f8a4fb8042945b261d38e2eacafea9b8227beaf7ee18fc040eb99f653386340,/root/trusttxt-env/crawler/output/found/www.pcpatriot.com/https_.well-known_trust.txt.txt,text/plain
2026-01-27T18:45:21+00:00,www.perrytonherald.com,https,/.well-known/trust.txt,200,829,17b34eefd7af9aa258f457ef8f10a197e6079fc4cbf05b9e2b9f0e354297d785,/root/trusttxt-env/crawler/output/found/www.perrytonherald.com/https_.well-known_trust.txt.txt,text/plain; charset=UTF-8
2026-01-27T18:46:38+00:00,www.pikespeakpublishing.com,https,/.well-known/trust.txt,200,114,6dc9c7fc93bb488bb0520a6c780a8d3c0fb5486a4711aca49b4c53fac7393023,/root/trusttxt-env/crawler/output/found/www.pikespeakpublishing.com/https_.well-known_trust.txt.txt,text/html
2026-01-27T18:47:24+00:00,www.pittsburghcurrent.com,https,/.well-known/trust.txt,200,114,6dc9c7fc93bb488bb0520a6c780a8d3c0fb5486a4711aca49b4c53fac7393023,/root/trusttxt-env/crawler/output/found/www.pittsburghcurrent.com/https_.well-known_trust.txt.txt,text/html
2026-01-27T18:58:02+00:00,www.progresstimes.net,https,/.well-known/trust.txt,200,925,23f96640c7dff849192eb75c768e41283519a34c62987846b67470c5449b7b70,/root/trusttxt-env/crawler/output/found/www.progresstimes.net/https_.well-known_trust.txt.txt,text/plain
2026-01-27T19:03:11+00:00,www.rawstory.com,https,/trust.txt,200,406,d331bf9d9e0d0ada18124420f3a1082a13352b27ab3580d0f7038c69df58578a,/root/trusttxt-env/crawler/output/found/www.rawstory.com/https_trust.txt.txt,text/plain
2026-01-27T19:09:01+00:00,www.ringlingeagle.com,https,/.well-known/trust.txt,200,114,6dc9c7fc93bb488bb0520a6c780a8d3c0fb5486a4711aca49b4c53fac7393023,/root/trusttxt-env/crawler/output/found/www.ringlingeagle.com/https_.well-known_trust.txt.txt,text/html
2026-01-27T19:09:24+00:00,www.rivahguide.com,https,/trust.txt,200,859,fa90edd92f794502a2d962f5a3ffaee718689dd6ae207b9165f1f2fa457aa806,/root/trusttxt-env/crawler/output/found/www.rivahguide.com/https_trust.txt.txt,text/plain
2026-01-27T19:11:43+00:00,www.rosebudnews.net,https,/.well-known/trust.txt,200,848,d36a73f0322fc399f5599ae37e76615f7446b73fcb2b0c1698f29bdae3912b1c,/root/trusttxt-env/crawler/output/found/www.rosebudnews.net/https_.well-known_trust.txt.txt,text/plain;charset=UTF-8
2026-01-27T19:19:01+00:00,www.sansabanews.com,https,/.well-known/trust.txt,200,563,55a7c0c381b179769a8749a894036fe8abc1b175ab3d1f883e749c830e70e964,/root/trusttxt-env/crawler/output/found/www.sansabanews.com/https_.well-known_trust.txt.txt,text/plain; charset=UTF-8
2026-01-27T19:20:51+00:00,www.schulenburgsticker.com,https,/.well-known/trust.txt,200,878,c86578333f185a5ed415c396515e6c0bf14d19d5e05814c77840598b0fec0ce7,/root/trusttxt-env/crawler/output/found/www.schulenburgsticker.com/https_.well-known_trust.txt.txt,text/plain; charset=UTF-8
2026-01-27T19:29:25+00:00,www.southmoltonnews.co.uk,http,/.well-known/trust.txt,200,933,580e2c58f9550ee1597ccbc2f995521393ee0b71678b1aaace00b48e3ae3f1d4,/root/trusttxt-env/crawler/output/found/www.southmoltonnews.co.uk/http_.well-known_trust.txt.txt,text/html; charset=utf-8
2026-01-27T19:29:29+00:00,www.southplatteindependent.net,https,/.well-known/trust.txt,200,114,6dc9c7fc93bb488bb0520a6c780a8d3c0fb5486a4711aca49b4c53fac7393023,/root/trusttxt-env/crawler/output/found/www.southplatteindependent.net/https_.well-known_trust.txt.txt,text/html
2026-01-27T19:29:50+00:00,www.southwesttimes.com,https,/.well-known/trust.txt,200,710,4f8a4fb8042945b261d38e2eacafea9b8227beaf7ee18fc040eb99f653386340,/root/trusttxt-env/crawler/output/found/www.southwesttimes.com/https_.well-known_trust.txt.txt,text/plain
2026-01-27T19:35:13+00:00,www.steelcountrybee.com,https,/.well-known/trust.txt,200,440,09d9208f2ac28438b447f773359cebff4e44c02188c3b75ea9ac2e467adf3861,/root/trusttxt-env/crawler/output/found/www.steelcountrybee.com/https_.well-known_trust.txt.txt,text/plain;charset=UTF-8
2026-01-27T19:42:05+00:00,www.terrelltribune.com,https,/.well-known/trust.txt,200,469,2b7e5092e8bb680beed467eae14ba732a9ee7d2c0274b3de38627f8e6f883eeb,/root/trusttxt-env/crawler/output/found/www.terrelltribune.com/https_.well-known_trust.txt.txt,text/plain; charset=UTF-8
2026-01-27T19:42:33+00:00,www.texaspress.com,https,/.well-known/trust.txt,200,14007,a6842023dd6314366045a1702c4cf8889b45ae8783b6413536990df2d08a2f67,/root/trusttxt-env/crawler/output/found/www.texaspress.com/https_.well-known_trust.txt.txt,text/plain; charset=UTF-8
2026-01-27T19:45:20+00:00,www.thecastrocountynews.com,https,/.well-known/trust.txt,200,1064,004b53b7e43632dd955eb76d01a55fdb12d1141d3b6a3f479c9895c9b260b608,/root/trusttxt-env/crawler/output/found/www.thecastrocountynews.com/https_.well-known_trust.txt.txt,text/plain; charset=UTF-8
2026-01-27T19:47:54+00:00,www.thecreweburkevillejournal.com,https,/trust.txt,200,792,307a25ec2d7a2f479349e5e11ab0bac8e1fd47da394fdec315c9ffde4674ae2f,/root/trusttxt-env/crawler/output/found/www.thecreweburkevillejournal.com/https_trust.txt.txt,text/plain;charset=UTF-8
2026-01-27T19:50:06+00:00,www.thegazette.com,https,/trust.txt,200,1010,3b18c891bb5b14f6cb224c55a2486f9d2b3e0e47eadabca4c99810360db464ba,/root/trusttxt-env/crawler/output/found/www.thegazette.com/https_trust.txt.txt,text/plain
2026-01-27T19:54:17+00:00,www.themonitor.net,https,/.well-known/trust.txt,200,698,e86e03f410da802963e88e0c029486e8120db36c96e0152ca077d4cb11463e8b,/root/trusttxt-env/crawler/output/found/www.themonitor.net/https_.well-known_trust.txt.txt,text/plain; charset=UTF-8
2026-01-27T20:00:39+00:00,www.thesnydernews.com,https,/.well-known/trust.txt,200,888,fa0878c448039c3e6f8061e2945b626e261ae769981cd77d1b7e5fa4bb734be6,/root/trusttxt-env/crawler/output/found/www.thesnydernews.com/https_.well-known_trust.txt.txt,text/plain; charset=UTF-8
2026-01-27T20:02:22+00:00,www.thetexasspur.com,https,/.well-known/trust.txt,200,384,c781f844f96829ab3d62950cf61a05d8ccecf0202365cd66a5977112d2fcd3e3,/root/trusttxt-env/crawler/output/found/www.thetexasspur.com/https_.well-known_trust.txt.txt,text/plain; charset=UTF-8
2026-01-27T20:05:42+00:00,www.thewatongarepublican.com,https,/.well-known/trust.txt,200,438,3293d89662614c188e8f795dbf86e86a3aedf0b11f2a64981b4f8ddd865bee66,/root/trusttxt-env/crawler/output/found/www.thewatongarepublican.com/https_.well-known_trust.txt.txt,text/plain; charset=UTF-8
2026-01-27T20:06:10+00:00,www.thewynnewoodgazette.com,https,/.well-known/trust.txt,200,114,6dc9c7fc93bb488bb0520a6c780a8d3c0fb5486a4711aca49b4c53fac7393023,/root/trusttxt-env/crawler/output/found/www.thewynnewoodgazette.com/https_.well-known_trust.txt.txt,text/html
2026-01-27T20:12:50+00:00,www.tribnow.com,https,/.well-known/trust.txt,200,641,aec48ed28aa732c8b60ae4852d1fdd942f5e965488a535580b699f0810590247,/root/trusttxt-env/crawler/output/found/www.tribnow.com/https_.well-known_trust.txt.txt,text/plain; charset=UTF-8
2026-01-27T20:21:23+00:00,www.vanzandtnews.com,https,/.well-known/trust.txt,200,696,473b3124e379076165dd1f02a4da2382ecffcad5e66eb7c31d4218ff16c02447,/root/trusttxt-env/crawler/output/found/www.vanzandtnews.com/https_.well-known_trust.txt.txt,text/plain; charset=UTF-8
2026-01-27T20:24:48+00:00,www.virginiastar.net,https,/trust.txt,200,789,ddace7961b0c53fc7731edd0b74de90fbb50e858e4b04fa9db7638756a46ae4b,/root/trusttxt-env/crawler/output/found/www.virginiastar.net/https_trust.txt.txt,text/plain;charset=UTF-8
2026-01-27T20:25:37+00:00,www.vpa.net,https,/trust.txt,200,7352,30b4618a9b5145e2d11cad4783de6a2fa25e95be3f5841ea0e7e54386e5fce90,/root/trusttxt-env/crawler/output/found/www.vpa.net/https_trust.txt.txt,text/plain; charset=UTF-8
2026-01-27T20:36:08+00:00,www.wilsoncountynews.com,https,/trust.txt,200,1094,4ec40f0246abf4e169d9cef88336d13b132cd8be349043d59ed157c3454a4239,/root/trusttxt-env/crawler/output/found/www.wilsoncountynews.com/https_trust.txt.txt,text/plain;charset=UTF-8
2026-01-27T20:38:04+00:00,www.woodcountymonitor.com,https,/.well-known/trust.txt,200,1040,2983650ce933ef2e467053f2628be06c7f5fc04cc3aae41024ce4ff24cdd624f,/root/trusttxt-env/crawler/output/found/www.woodcountymonitor.com/https_.well-known_trust.txt.txt,text/html; charset=UTF-8
2026-01-27T20:43:41+00:00,www.yuanben.io,https,/.well-known/trust.txt,200,3054,fdd81c79d87741e29778bfae830c897a6ad7411e256a8413196286fd7d9f716d,/root/trusttxt-env/crawler/output/found/www.yuanben.io/https_.well-known_trust.txt.txt,text/html; charset=utf-8
2026-01-27T20:46:29+00:00,abzas.org,https,/.well-known/trust.txt,200,114,6dc9c7fc93bb488bb0520a6c780a8d3c0fb5486a4711aca49b4c53fac7393023,/root/trusttxt-env/crawler/output/found/abzas.org/https_.well-known_trust.txt.txt,text/html
2026-01-27T20:46:41+00:00,acmpress.org,https,/trust.txt,200,483,ee0d947813745d029851f10b7826f5e63a8e285d631dca30e0d70e576a8e6174,/root/trusttxt-env/crawler/output/found/acmpress.org/https_trust.txt.txt,text/html; charset=utf-8
2026-01-27T21:21:22+00:00,product.style,https,/.well-known/trust.txt,200,528,158021ea0a8ea75c895cd0a484de1f16f3cd047eb3de1794c682e0ce4f1930c4,/root/trusttxt-env/crawler/output/found/product.style/https_.well-known_trust.txt.txt,text/html; charset=UTF-8
2026-01-27T21:30:57+00:00,www.cantonguide.com,https,/.well-known/trust.txt,200,889,4c85c294bab0c0408a8ecd1d54b2beb3cffb6117ab0a36e8227c94a593d62cbf,/root/trusttxt-env/crawler/output/found/www.cantonguide.com/https_.well-known_trust.txt.txt,text/plain; charset=UTF-8
2026-01-27T21:53:11+00:00,js.id,https,/.well-known/trust.txt,200,114,6dc9c7fc93bb488bb0520a6c780a8d3c0fb5486a4711aca49b4c53fac7393023,/root/trusttxt-env/crawler/output/found/js.id/https_.well-known_trust.txt.txt,text/html
2026-01-27T21:59:16+00:00,d.id,https,/.well-known/trust.txt,200,9114,a6678f3e2431fabb9049ffa94b9c4ad2f767da2ffc28ce7baca6528c9e310a28,/root/trusttxt-env/crawler/output/found/d.id/https_.well-known_trust.txt.txt,application/octet-stream
2026-01-27T22:03:31+00:00,mt-vernon.com,https,/trust.txt,200,9870,831c2e4e820afd69a52028138ee322e557496aaf9749db3ee79106fc5e7313f7,/root/trusttxt-env/crawler/output/found/mt-vernon.com/https_trust.txt.txt,text/html
2026-01-27T22:07:03+00:00,myreporternews.com,https,/.well-known/trust.txt,200,964,5702a4de9e6c57d6b1145fbf60c8810e2173e8af9d781c459f0f3917938b6b6a,/root/trusttxt-env/crawler/output/found/myreporternews.com/https_.well-known_trust.txt.txt,text/plain
2026-01-27T22:08:28+00:00,pcpatriot.com,https,/.well-known/trust.txt,200,710,4f8a4fb8042945b261d38e2eacafea9b8227beaf7ee18fc040eb99f653386340,/root/trusttxt-env/crawler/output/found/pcpatriot.com/https_.well-known_trust.txt.txt,text/plain
2026-01-27T22:12:10+00:00,www.southeastiowaunion.com,https,/trust.txt,200,1010,3b18c891bb5b14f6cb224c55a2486f9d2b3e0e47eadabca4c99810360db464ba,/root/trusttxt-env/crawler/output/found/www.southeastiowaunion.com/https_trust.txt.txt,text/plain
2026-01-27T22:12:54+00:00,cadetnewspaper.com,https,/.well-known/trust.txt,200,776,a4e28a106d874ff3892181df1ca2764c2bbc7b72228164f2670a028bb623a269,/root/trusttxt-env/crawler/output/found/cadetnewspaper.com/https_.well-known_trust.txt.txt,text/plain
2026-01-27T22:19:06+00:00,woodcountymonitor.com,https,/.well-known/trust.txt,200,1040,2983650ce933ef2e467053f2628be06c7f5fc04cc3aae41024ce4ff24cdd624f,/root/trusttxt-env/crawler/output/found/woodcountymonitor.com/https_.well-known_trust.txt.txt,text/html; charset=UTF-8
